PSI1_1,PSI2_1,PSI3_1,PSI4_1,PSI5_1,PSI6_1,PSI7_1,PSI8_1,PSI9_1,PSI10_1,PSI11_1,PSI12_1,PSI13_1,PSI14_1,PSI15_1,PSI16_1,PSI17_1,PSI18_1,PSI19_1,PSI20_1,PSI21_4,PSI22,PSI23_1,PSI24_1,PSI25_1,FIN1_4,FIN2_4,FIN3_4,FIN4_4,FIN5_4,FIN6_4,FIN7_4,FIN8_4,FIN9_4,FIN10_4,FIN11_4,FIN12_1,FIN13_1,FIN14_1,FIN15_1,FIN16_1,FIN17_1,FIN18_1,FIN19_1,FIN20_1,FIN21_1,FIN22_1,FIN23_1,FIN24_1,FIN25_1,FIN26_1,FIN27_1,FIN28_1,FIN29_1,FIN30_1,DEM1,DEM4,DEM4.1,DEM5,DEM6,DEM7,DEM10,DEM11,DEM13,DEM14,DEM15,DEM16,2D4D,FWHR
5,5,4,5,5,5,5,5,5,4,4,4,4,4,4,5,4,4,5,5,5,Sim,5,1,5,6,1,7,1,5,4,7,7,2,6,4,2,5,3,3,5,5,6,3,2,7,3,1,4,2,3,2,1,1,1,Doutorando (a),Não,,Em união estável,Nenhum,Não,"Mais de 15 salários mínimos (mais de R$ 15.585, 01)",1 a 3,outra,34,Quatro ou mais vezes na semana,Há mais de 3 anos,5,5
4,4,3,3,4,1,4,1,4,3,3,4,4,3,3,2,5,5,4,4,4,Não,3,3,3,6,2,7,1,2,5,7,5,5,5,4,1,2,6,5,7,6,6,4,1,1,1,4,1,2,3,1,1,1,1,Nível superior incompleto,Não,,Solteiro,Nenhum,Não,"De 3 a 6 salários mínimos (de R$ 3.117,01 a R$ 6.234,00)",4 a 7,outra,25,Pelo menos três vezes na semana,Entre 1 e 2 anos,15,15
2,3,4,4,4,1,2,3,5,4,5,2,5,5,3,2,2,4,2,1,5,Não,3,3,3,7,5,7,2,1,4,6,6,7,7,1,2,6,7,7,6,7,7,1,1,1,5,4,1,1,6,6,2,6,2,Nível superior incompleto,Não,,Solteiro,Nenhum,Não,"De 3 a 6 salários mínimos (de R$ 3.117,01 a R$ 6.234,00)",4 a 7,Heterossexual,21,Pelo menos uma vez na semana,Há menos de 1 ano,16,16
2,4,5,3,4,2,4,1,5,2,4,4,5,4,3,4,4,5,5,1,4,Não,3,3,3,5,1,7,2,5,4,2,1,1,2,1,3,3,6,1,6,2,7,1,1,2,2,2,1,3,1,3,5,5,1,Nível superior incompleto,Não,,Solteiro,Nenhum,Não,"De 1 a 3 salários mínimos (de R$ 1.039,01 a R$ 3.117,00)",4 a 7,outra,19,Pelo menos duas vezes na semana,Há menos de 1 ano,19,19
2,5,2,5,5,5,5,3,5,5,2,4,2,2,2,4,5,5,5,5,5,Não,3,3,3,6,6,4,3,6,6,6,3,3,3,6,3,3,6,6,6,6,6,4,6,3,4,3,2,6,3,6,3,7,5,2º. Grau completo,Não,,Solteiro,Nenhum,Não,"De 3 a 6 salários mínimos (de R$ 3.117,01 a R$ 6.234,00)",1 a 3,Heterossexual,19,Quatro ou mais vezes na semana,Há mais de 3 anos,20,20
4,2,4,5,4,4,4,2,5,2,2,4,2,4,2,4,4,4,2,2,4,Não,3,3,3,6,7,1,1,7,7,3,1,1,6,2,2,7,7,6,5,6,7,2,1,1,3,2,2,5,1,1,1,3,2,Nível superior incompleto,Não,,Solteiro,Nenhum,Não,"De 3 a 6 salários mínimos (de R$ 3.117,01 a R$ 6.234,00)",1 a 3,Heterossexual,18,Quatro ou mais vezes na semana,Há menos de 1 ano,21,21
5,4,3,2,5,1,3,4,5,3,2,4,2,5,4,2,4,5,3,3,4,Não,3,3,3,4,5,6,7,6,6,5,6,4,3,3,2,1,5,3,5,3,6,4,4,3,1,1,1,1,1,3,1,7,5,Nível superior incompleto,Não,,Solteiro,Nenhum,Não,"De 3 a 6 salários mínimos (de R$ 3.117,01 a R$ 6.234,00)",1 a 3,Heterossexual,20,Pelo menos uma vez na semana,Entre 1 e 2 anos,22,22
4,4,4,5,4,5,5,3,4,5,5,4,5,4,5,2,4,5,4,5,5,Não,3,3,3,6,5,1,1,5,5,5,6,4,6,6,7,7,7,7,5,5,7,1,6,5,1,1,1,5,5,5,2,7,7,Nível superior incompleto,Não,,Solteiro,Nenhum,Não,"De 9 a 12 salários mínimos (de R$ 9.351,01 a 12.468,00)",4 a 7,Heterossexual,19,Quatro ou mais vezes na semana,Há menos de 1 ano,23,23
4,3,4,5,5,2,2,4,3,2,4,5,5,1,3,3,4,5,5,5,5,Não,5,4,2,7,6,7,1,6,6,7,7,4,7,7,7,5,7,7,6,5,7,1,1,1,2,2,1,6,6,7,6,7,7,Nível superior incompleto,Não,,Solteiro,Nenhum,Não,"De 12 a 15 salários mínimos (de R$ 12.468,01 a R$ 15.585,00)",4 a 7,outra,19,Quatro ou mais vezes na semana,Há mais de 3 anos,28,28
2,1,4,4,5,3,5,2,5,2,4,4,4,1,2,4,2,1,2,4,2,Não,1,1,1,1,1,3,2,2,2,2,2,2,2,2,3,3,7,3,1,6,7,3,1,1,1,1,1,1,1,1,1,1,3,Nível superior incompleto,Não,,Solteiro,Nenhum,Não,"De 1 a 3 salários mínimos (de R$ 1.039,01 a R$ 3.117,00)",1 a 3,outra,22,Pelo menos uma vez na semana,Há menos de 1 ano,29,29
4,3,4,4,4,4,5,4,4,4,4,4,4,2,2,4,2,4,2,3,2,Não,2,2,2,1,2,2,2,3,4,5,1,1,5,5,2,4,5,5,5,5,5,5,2,2,2,2,3,3,4,2,2,5,3,Nível superior incompleto,Não,,Solteiro,Nenhum,Não,"De 1 a 3 salários mínimos (de R$ 1.039,01 a R$ 3.117,00)",1 a 3,outra,18,Pelo menos duas vezes na semana,Há menos de 1 ano,32,32
4,3,5,4,4,4,5,3,4,4,4,4,4,3,3,2,4,4,4,3,4,Não,5,4,3,5,4,4,1,6,5,3,2,1,2,3,3,4,7,5,7,6,7,1,1,1,1,2,1,2,2,3,2,6,3,2º. Grau completo,Não,,Em união estável,Nenhum,Não,"De 9 a 12 salários mínimos (de R$ 9.351,01 a 12.468,00)",4 a 7,Heterossexual,18,Nunca,Há menos de 1 ano,36,36
2,2,3,4,5,3,5,4,4,4,3,4,4,5,3,2,5,5,1,5,5,Não,3,3,3,6,5,1,2,5,6,5,3,5,7,1,1,1,4,3,7,5,6,2,2,1,1,2,1,5,1,1,2,6,1,Nível superior incompleto,Não,,Solteiro,Nenhum,Não,"De 9 a 12 salários mínimos (de R$ 9.351,01 a 12.468,00)",4 a 7,Heterossexual,18,Nunca,Há menos de 1 ano,37,37
4,3,5,5,5,1,5,5,5,2,5,5,3,4,2,5,4,4,4,1,3,Não,3,3,3,4,3,7,1,2,4,5,5,2,3,5,5,5,7,5,6,4,7,1,1,1,3,3,1,1,1,1,1,2,1,Mestrando (a),Não,,Solteiro,Nenhum,Não,"De 3 a 6 salários mínimos (de R$ 3.117,01 a R$ 6.234,00)",4 a 7,Heterossexual,26,Quatro ou mais vezes na semana,Há menos de 1 ano,38,38
3,3,4,5,2,1,2,4,5,4,4,4,5,5,2,1,4,1,2,4,4,Não,3,3,3,4,4,1,4,5,6,6,3,3,4,6,2,6,6,5,6,3,6,2,5,5,2,3,2,7,6,3,6,6,6,Nível superior incompleto,Não,,Solteiro,Nenhum,Não,"De 3 a 6 salários mínimos (de R$ 3.117,01 a R$ 6.234,00)",1 a 3,Heterossexual,20,Nunca,Há menos de 1 ano,39,39
2,3,4,4,4,2,4,3,5,4,4,2,4,5,3,4,4,5,2,3,4,Não,3,3,3,3,2,5,2,2,3,2,1,1,1,2,2,3,5,3,4,5,6,6,1,1,2,1,2,3,2,1,2,5,5,Nível superior incompleto,Não,,Solteiro,Nenhum,Não,"De 3 a 6 salários mínimos (de R$ 3.117,01 a R$ 6.234,00)",1 a 3,Heterossexual,21,Quatro ou mais vezes na semana,Há mais de 3 anos,41,41
4,4,4,5,5,2,5,2,4,4,5,5,5,5,4,4,4,5,5,5,4,Não,3,3,3,6,5,5,3,5,5,3,1,1,3,1,2,2,6,5,6,3,7,1,3,3,3,1,1,3,5,2,1,6,3,Nível superior incompleto,Não,,Solteiro,Nenhum,Não,"De 12 a 15 salários mínimos (de R$ 12.468,01 a R$ 15.585,00)",4 a 7,Heterossexual,23,Pelo menos três vezes na semana,Entre 1 e 2 anos,44,44
4,4,4,4,4,2,4,3,4,2,2,2,4,4,3,2,2,1,4,4,4,Não,4,1,1,6,6,6,1,2,6,6,6,6,6,6,6,2,6,2,6,6,6,2,2,2,1,1,1,6,1,6,4,6,4,Nível superior incompleto,Não,,Solteiro,Nenhum,Não,"De 3 a 6 salários mínimos (de R$ 3.117,01 a R$ 6.234,00)",1 a 3,Heterossexual,20,Pelo menos três vezes na semana,Há mais de 3 anos,52,52
1,1,4,2,5,5,5,4,4,5,3,3,2,1,1,4,2,5,4,3,5,Não,1,1,1,7,6,4,1,1,7,5,1,1,1,1,6,6,4,1,7,1,7,1,1,1,5,5,1,1,4,2,1,6,7,Nível superior incompleto,Não,,Solteiro,Nenhum,Não,"De 9 a 12 salários mínimos (de R$ 9.351,01 a 12.468,00)",4 a 7,Heterossexual,19,Quatro ou mais vezes na semana,Há menos de 1 ano,54,54
2,3,2,4,5,3,4,2,4,4,3,2,3,4,4,3,3,5,3,1,3,Não,2,2,3,5,3,6,1,2,5,3,3,3,3,4,6,5,6,3,4,4,7,7,7,4,4,3,2,4,5,6,5,6,7,Nível superior incompleto,Não,,Solteiro,Nenhum,Não,"De 3 a 6 salários mínimos (de R$ 3.117,01 a R$ 6.234,00)",1 a 3,Heterossexual,19,Pelo menos três vezes na semana,Há menos de 1 ano,55,55
4,4,3,4,4,4,4,3,3,2,4,5,4,1,3,4,3,4,4,1,2,Não,3,3,3,5,4,4,2,3,4,6,6,6,6,5,6,2,6,6,6,6,7,1,1,1,1,5,3,1,7,1,1,7,1,Nível superior incompleto,Não,,Solteiro,Nenhum,Não,"Até 1 salário mínimo (até R$ 1.039,00)",Moro sozinho,outra,21,Quatro ou mais vezes na semana,Há mais de 3 anos,56,56
5,2,3,4,2,4,5,4,2,3,5,5,5,5,2,1,4,1,1,2,5,Não,3,3,3,3,3,7,3,6,5,7,1,5,6,7,5,7,7,7,6,6,7,6,7,5,1,4,5,7,7,7,7,5,3,Nível superior incompleto,Não,,Solteiro,Nenhum,Não,"Até 1 salário mínimo (até R$ 1.039,00)",1 a 3,outra,18,Pelo menos três vezes na semana,Entre 1 e 2 anos,60,60
2,3,4,4,4,2,4,3,3,4,4,4,5,4,3,2,3,4,3,4,5,Não,5,3,2,4,5,5,5,4,5,6,6,3,6,2,3,5,3,4,6,6,6,4,3,1,5,4,3,5,5,5,3,7,4,Nível superior incompleto,Não,,Em união estável,Nenhum,Não,"De 3 a 6 salários mínimos (de R$ 3.117,01 a R$ 6.234,00)",4 a 7,Heterossexual,20,Pelo menos duas vezes na semana,Há menos de 1 ano,61,61
4,4,3,4,4,4,5,1,2,3,3,5,5,4,3,4,3,4,2,4,3,Não,3,3,3,1,1,1,1,1,1,2,2,1,2,2,3,6,6,6,5,4,6,2,2,2,1,3,1,5,7,5,2,6,5,Nível superior incompleto,Não,,Solteiro,Nenhum,Não,"De 3 a 6 salários mínimos (de R$ 3.117,01 a R$ 6.234,00)",4 a 7,Heterossexual,20,Pelo menos duas vezes na semana,Há mais de 3 anos,62,62
4,3,4,4,5,2,5,5,2,3,4,5,5,5,4,4,2,5,4,4,5,Não,3,3,3,7,5,3,4,7,7,7,7,7,7,5,6,5,6,6,6,4,7,5,6,1,3,1,3,3,7,7,6,7,3,Nível superior incompleto,Não,,Solteiro,Nenhum,Não,"Mais de 15 salários mínimos (mais de R$ 15.585, 01)",4 a 7,Heterossexual,18,Pelo menos três vezes na semana,Há mais de 3 anos,64,64
4,4,4,5,5,1,5,4,2,3,4,5,5,5,2,1,4,4,4,5,5,Não,3,3,3,6,5,4,4,5,6,5,6,5,5,4,6,5,5,5,4,5,7,4,4,4,2,2,2,3,6,5,2,5,2,Nível superior incompleto,Não,,Solteiro,Nenhum,Não,"De 9 a 12 salários mínimos (de R$ 9.351,01 a 12.468,00)",4 a 7,Heterossexual,19,Pelo menos três vezes na semana,Há mais de 3 anos,65,65
3,3,4,5,4,1,4,4,5,5,2,2,4,4,2,2,4,5,4,5,5,Não,4,5,2,6,7,6,1,2,7,1,1,1,1,1,5,7,7,7,4,6,7,1,1,1,1,1,1,1,1,1,1,3,5,Pós-graduado (concluiu especialização),Não,,Solteiro,Nenhum,Não,"De 6 a 9 salários mínimos (de R$ 6.234,01 a R$ 9.351,00)",1 a 3,Heterossexual,29,Pelo menos uma vez na semana,Há mais de 3 anos,66,66
5,5,3,4,2,1,1,1,2,3,5,4,5,4,3,2,4,4,4,1,4,Não,3,2,1,3,3,4,1,6,5,7,7,4,7,4,3,6,4,6,6,4,7,3,1,1,5,1,1,6,2,5,1,5,7,Nível superior incompleto,Não,,Solteiro,Nenhum,Não,"De 1 a 3 salários mínimos (de R$ 1.039,01 a R$ 3.117,00)",1 a 3,outra,21,Pelo menos uma vez na semana,Há menos de 1 ano,68,68
5,4,5,5,5,1,5,5,5,5,4,5,5,5,2,4,5,5,4,5,5,Não,5,5,1,5,6,7,3,5,2,7,7,1,7,1,7,7,7,7,1,6,7,3,4,1,1,5,1,1,1,3,5,7,7,Nível superior incompleto,Não,,Solteiro,Nenhum,Não,"De 6 a 9 salários mínimos (de R$ 6.234,01 a R$ 9.351,00)",1 a 3,Heterossexual,20,Quatro ou mais vezes na semana,Há menos de 1 ano,70,70
5,4,4,4,4,5,5,3,5,5,5,5,5,5,3,2,5,5,5,5,4,Não,5,5,1,1,5,1,1,6,6,7,5,1,6,5,2,6,7,7,6,5,7,1,1,1,6,6,1,2,1,5,1,5,1,Nível superior incompleto,Não,,Solteiro,Nenhum,Não,"De 9 a 12 salários mínimos (de R$ 9.351,01 a 12.468,00)",4 a 7,Heterossexual,20,Quatro ou mais vezes na semana,Há mais de 3 anos,73,73
3,3,4,5,4,3,4,5,3,2,4,4,5,4,2,4,4,5,4,4,4,Não,3,3,3,5,5,2,3,4,6,5,5,5,5,4,4,3,6,4,5,5,7,2,5,2,2,2,2,1,3,2,3,3,3,Nível superior incompleto,Não,,Solteiro,Nenhum,Não,"De 6 a 9 salários mínimos (de R$ 6.234,01 a R$ 9.351,00)",4 a 7,Heterossexual,18,Pelo menos três vezes na semana,Há mais de 3 anos,74,74
4,2,5,5,5,2,5,4,5,4,5,5,5,5,4,4,4,4,3,1,5,Não,4,5,3,1,4,5,1,1,3,2,5,1,3,1,2,2,5,5,1,5,1,1,1,1,1,1,1,1,1,1,1,1,1,Pós-graduado (concluiu especialização),Não,,Solteiro,Nenhum,Não,"De 1 a 3 salários mínimos (de R$ 1.039,01 a R$ 3.117,00)",1 a 3,outra,28,Nunca,Há menos de 1 ano,78,78
2,5,5,3,5,4,4,4,2,3,4,4,5,4,4,2,4,4,3,1,5,Não,3,3,3,3,3,3,1,5,5,6,3,1,2,7,6,7,6,7,7,4,6,5,6,1,3,7,7,5,6,2,1,6,6,Nível superior incompleto,Não,,Solteiro,Nenhum,Não,"De 1 a 3 salários mínimos (de R$ 1.039,01 a R$ 3.117,00)",1 a 3,outra,18,Nunca,Há menos de 1 ano,81,81
3,2,3,4,4,4,2,4,3,4,3,4,4,2,3,2,3,4,1,1,3,Não,3,3,4,3,4,3,1,5,6,5,5,3,5,1,3,4,6,3,7,5,7,5,3,1,6,2,2,1,5,2,5,2,4,2º. Grau completo,Não,,Solteiro,Nenhum,Não,"Até 1 salário mínimo (até R$ 1.039,00)",1 a 3,outra,19,Pelo menos uma vez na semana,Há menos de 1 ano,83,83
4,3,4,4,4,5,5,3,4,4,4,4,4,2,2,4,3,5,2,4,5,Não,3,3,3,7,7,7,7,7,7,1,1,1,1,1,7,6,5,6,6,6,7,7,6,4,1,6,3,6,1,6,1,1,5,Nível superior incompleto,Sim,Esquerda,Solteiro,1,Não,"De 3 a 6 salários mínimos (de R$ 3.117,01 a R$ 6.234,00)",1 a 3,Heterossexual,24,Pelo menos uma vez na semana,Há mais de 3 anos,84,84
4,4,4,5,4,5,5,4,4,3,2,2,2,3,3,4,4,5,4,4,3,Não,4,5,2,5,4,2,4,6,4,1,1,1,1,4,4,6,5,4,2,5,1,3,5,6,5,3,4,2,3,6,1,7,5,Nível superior completo,Não,,Em união estável,Nenhum,Não,"De 9 a 12 salários mínimos (de R$ 9.351,01 a 12.468,00)",4 a 7,Heterossexual,20,Quatro ou mais vezes na semana,Há mais de 3 anos,85,85
5,4,4,5,4,2,3,3,4,3,3,4,5,4,2,3,4,5,1,5,4,Não,5,4,4,3,5,4,4,6,5,6,1,5,5,6,6,5,7,5,7,7,7,4,1,1,2,1,5,6,1,1,1,7,4,Nível superior incompleto,Não,,Solteiro,Nenhum,Não,"De 3 a 6 salários mínimos (de R$ 3.117,01 a R$ 6.234,00)",1 a 3,Heterossexual,20,Pelo menos uma vez na semana,Há menos de 1 ano,86,86
4,2,4,5,4,2,5,3,4,4,3,2,5,5,4,2,4,5,4,3,4,Não,3,3,3,6,7,7,2,2,2,5,1,5,5,1,6,6,4,3,6,2,7,7,1,5,3,3,2,6,5,5,5,7,5,Nível superior incompleto,Não,,Solteiro,Nenhum,Não,"De 3 a 6 salários mínimos (de R$ 3.117,01 a R$ 6.234,00)",4 a 7,Heterossexual,20,Pelo menos três vezes na semana,Há menos de 1 ano,87,87
3,4,3,5,5,4,4,3,5,3,2,3,4,4,3,2,4,1,2,4,5,Não,3,3,3,5,1,6,1,6,6,6,4,2,5,2,1,3,6,4,7,6,5,1,1,1,1,3,1,3,4,1,1,5,4,Nível superior incompleto,Não,,Solteiro,Nenhum,Não,"De 3 a 6 salários mínimos (de R$ 3.117,01 a R$ 6.234,00)",1 a 3,Heterossexual,25,Pelo menos duas vezes na semana,Entre 1 e 2 anos,88,88
5,5,4,5,4,2,5,1,5,4,2,2,4,4,3,2,3,4,2,2,5,Não,4,1,1,5,5,6,3,4,5,7,6,7,7,7,1,2,7,5,4,4,7,4,1,3,1,1,1,2,2,6,2,7,2,Nível superior incompleto,Não,,Solteiro,Nenhum,Não,"De 3 a 6 salários mínimos (de R$ 3.117,01 a R$ 6.234,00)",4 a 7,Heterossexual,19,Pelo menos três vezes na semana,Há menos de 1 ano,89,89
3,2,5,5,5,2,5,5,4,5,5,5,5,4,3,4,4,5,2,5,5,Não,3,3,3,2,5,1,5,7,5,5,5,4,4,7,3,4,7,6,5,2,7,1,2,1,3,1,1,1,5,3,1,4,3,Nível superior incompleto,Não,,Solteiro,Nenhum,Não,"De 9 a 12 salários mínimos (de R$ 9.351,01 a 12.468,00)",1 a 3,Heterossexual,22,Pelo menos duas vezes na semana,Há menos de 1 ano,90,90
2,4,3,5,4,2,4,2,4,3,2,2,4,5,1,4,4,4,2,4,4,Não,1,1,1,5,6,1,1,6,6,5,2,1,3,3,5,4,6,3,5,6,6,2,2,2,3,2,1,2,2,3,3,6,3,Nível superior incompleto,Não,,Solteiro,Nenhum,Não,"De 3 a 6 salários mínimos (de R$ 3.117,01 a R$ 6.234,00)",1 a 3,Heterossexual,20,Nunca,Há menos de 1 ano,95,95
4,4,3,4,5,4,4,2,4,3,2,4,4,2,4,5,4,4,4,1,3,Não,4,2,1,1,5,1,6,5,7,5,4,4,5,6,1,4,7,5,5,4,4,2,1,5,1,6,6,3,3,2,3,5,2,Nível superior incompleto,Não,,Solteiro,Nenhum,Não,"De 3 a 6 salários mínimos (de R$ 3.117,01 a R$ 6.234,00)",Moro sozinho,Heterossexual,21,Quatro ou mais vezes na semana,Há menos de 1 ano,96,96
4,4,3,3,4,3,4,3,4,2,2,2,3,2,3,3,4,2,4,2,3,Não,1,1,1,5,2,2,5,4,1,4,4,4,4,6,3,3,3,2,3,4,4,3,1,3,1,1,1,1,3,3,3,5,1,Nível superior incompleto,Não,,Solteiro,Nenhum,Não,"De 3 a 6 salários mínimos (de R$ 3.117,01 a R$ 6.234,00)",4 a 7,Heterossexual,26,Quatro ou mais vezes na semana,Entre 1 e 2 anos,100,100
1,2,2,5,5,1,4,2,2,3,2,2,5,5,2,4,4,4,4,5,5,Não,3,3,3,7,1,4,1,6,5,7,7,7,7,7,7,2,7,2,7,2,6,1,1,1,5,1,1,1,2,2,5,3,7,Nível superior incompleto,Não,,Solteiro,Nenhum,Não,"De 3 a 6 salários mínimos (de R$ 3.117,01 a R$ 6.234,00)",1 a 3,Heterossexual,22,Nunca,Há menos de 1 ano,102,102
5,5,3,5,3,3,3,2,5,5,3,5,3,2,1,2,1,3,4,3,5,Sim,5,2,1,7,5,1,3,1,6,7,7,7,7,7,7,2,7,3,7,7,7,1,1,1,1,1,1,1,7,1,1,1,4,Mestre,Não,,Casado,1,Não,"De 6 a 9 salários mínimos (de R$ 6.234,01 a R$ 9.351,00)",4 a 7,Heterossexual,37,Quatro ou mais vezes na semana,Há mais de 3 anos,106,106
4,4,3,3,4,2,4,3,2,3,3,4,4,3,3,3,2,4,4,4,4,Não,2,2,3,6,5,5,3,4,4,2,5,2,2,3,3,5,3,3,4,6,6,1,1,2,5,1,1,3,2,2,1,2,3,2º. Grau completo,Não,,Solteiro,Nenhum,Não,"De 3 a 6 salários mínimos (de R$ 3.117,01 a R$ 6.234,00)",4 a 7,Heterossexual,21,Quatro ou mais vezes na semana,Há mais de 3 anos,107,107
4,3,4,5,5,2,5,4,5,3,3,2,4,4,2,2,4,5,4,4,5,Não,4,4,5,7,5,5,3,5,5,7,2,5,3,5,3,7,4,5,6,4,6,4,1,1,2,2,1,1,1,3,1,5,3,Nível superior incompleto,Não,,Solteiro,Nenhum,Não,"De 3 a 6 salários mínimos (de R$ 3.117,01 a R$ 6.234,00)",1 a 3,Heterossexual,22,Nunca,Há menos de 1 ano,108,108
2,4,4,4,5,2,5,5,5,4,4,5,5,4,4,5,5,5,4,1,5,Não,3,3,3,6,5,3,1,5,7,7,5,7,7,5,7,2,3,6,7,7,7,1,1,2,1,7,1,1,1,1,1,1,3,Nível superior incompleto,Não,,Solteiro,Nenhum,Não,"De 3 a 6 salários mínimos (de R$ 3.117,01 a R$ 6.234,00)",4 a 7,Heterossexual,21,Nunca,Há menos de 1 ano,109,109
5,4,4,5,4,4,5,4,2,5,5,5,5,4,2,2,4,5,5,5,4,Não,5,4,4,7,7,6,3,7,3,7,6,7,7,7,7,3,7,2,7,7,7,3,1,1,6,3,1,1,1,7,1,7,3,Nível superior incompleto,Não,,Solteiro,Nenhum,Não,"De 9 a 12 salários mínimos (de R$ 9.351,01 a 12.468,00)",4 a 7,Heterossexual,23,Quatro ou mais vezes na semana,Há mais de 3 anos,110,110
4,4,4,5,5,4,4,4,2,4,4,5,5,2,2,4,2,4,2,5,5,Não,3,3,3,2,5,2,5,3,3,6,6,3,6,5,7,6,7,7,6,6,7,3,5,3,7,4,1,2,7,6,6,7,6,Nível superior incompleto,Não,,Solteiro,Nenhum,Não,"De 3 a 6 salários mínimos (de R$ 3.117,01 a R$ 6.234,00)",4 a 7,outra,19,Nunca,Há menos de 1 ano,115,115
4,4,3,5,4,4,5,5,5,4,3,1,3,2,4,2,4,5,3,4,5,Não,5,4,1,4,7,6,1,7,6,7,3,7,7,5,6,7,7,6,6,4,7,7,6,7,1,1,1,7,6,6,7,7,6,Nível superior incompleto,Não,,Solteiro,Nenhum,Não,"De 3 a 6 salários mínimos (de R$ 3.117,01 a R$ 6.234,00)",4 a 7,Heterossexual,19,Pelo menos uma vez na semana,Há mais de 3 anos,117,117
5,4,3,5,5,4,4,3,2,4,3,4,5,5,4,4,4,5,5,5,4,Não,3,3,3,6,6,1,5,6,7,5,5,5,5,4,5,5,7,6,6,4,7,3,1,1,1,4,1,5,4,3,1,7,3,Nível superior incompleto,Não,,Solteiro,Nenhum,Não,"De 12 a 15 salários mínimos (de R$ 12.468,01 a R$ 15.585,00)",1 a 3,Heterossexual,18,Quatro ou mais vezes na semana,Há mais de 3 anos,118,118
4,4,3,5,5,2,4,1,4,3,3,4,4,4,2,2,4,5,4,4,5,Não,3,3,3,5,4,4,5,5,5,3,2,2,2,5,4,4,4,4,4,4,5,3,3,2,2,1,2,4,5,3,4,5,4,Nível superior incompleto,Não,,Solteiro,Nenhum,Não,"Mais de 15 salários mínimos (mais de R$ 15.585, 01)",4 a 7,Heterossexual,21,Quatro ou mais vezes na semana,Há menos de 1 ano,119,119
1,3,3,5,4,2,2,4,5,2,2,1,3,3,4,2,4,5,4,3,3,Não,3,3,3,4,4,4,1,4,4,6,6,3,4,4,4,5,4,5,6,5,6,1,3,1,4,4,1,6,1,1,1,3,5,Nível superior incompleto,Não,,Solteiro,Nenhum,Não,"De 1 a 3 salários mínimos (de R$ 1.039,01 a R$ 3.117,00)",1 a 3,Outra,21,Pelo menos três vezes na semana,Há mais de 3 anos,120,120
2,2,4,5,5,5,5,4,3,5,5,4,5,5,3,5,5,4,1,4,5,Não,3,3,3,6,3,1,4,6,6,5,3,7,5,7,3,7,7,5,4,5,7,1,1,1,1,3,5,6,5,3,2,7,7,Nível superior incompleto,Não,,Solteiro,Nenhum,Não,"De 3 a 6 salários mínimos (de R$ 3.117,01 a R$ 6.234,00)",1 a 3,Outra,20,Quatro ou mais vezes na semana,Entre 1 e 2 anos,121,121
5,2,1,5,5,5,5,4,2,1,2,2,2,5,2,5,2,5,4,5,5,Não,4,4,1,5,3,5,6,7,5,5,3,3,5,5,5,6,6,5,6,3,6,6,6,5,2,5,3,6,1,6,7,7,7,Nível superior incompleto,Não,,Solteiro,Nenhum,Não,"De 6 a 9 salários mínimos (de R$ 6.234,01 a R$ 9.351,00)",1 a 3,Heterossexual,20,Pelo menos uma vez na semana,Há menos de 1 ano,128,128
4,2,2,5,5,1,4,3,5,2,4,4,4,5,2,1,2,5,2,5,3,Não,3,3,3,5,2,5,1,1,2,6,6,2,7,3,1,5,7,3,6,4,7,2,1,1,2,3,5,1,3,2,1,1,3,2º. Grau completo,Não,,Solteiro,Nenhum,Não,"De 6 a 9 salários mínimos (de R$ 6.234,01 a R$ 9.351,00)",4 a 7,Heterossexual,18,Pelo menos duas vezes na semana,Há mais de 3 anos,129,129
4,2,5,4,2,1,1,1,5,2,4,2,4,1,5,4,2,5,4,1,3,Não,3,5,2,2,2,3,5,6,5,6,2,5,7,2,1,7,7,7,7,6,3,3,1,1,5,5,1,3,1,4,2,1,6,Nível superior incompleto,Não,,Solteiro,Nenhum,Não,"De 1 a 3 salários mínimos (de R$ 1.039,01 a R$ 3.117,00)",4 a 7,Outra,19,Nunca,Há menos de 1 ano,130,130
4,1,4,4,5,4,5,4,4,2,1,4,4,5,2,2,4,5,4,5,4,Não,3,3,4,4,1,6,4,3,5,4,4,5,4,6,2,6,5,1,6,2,6,4,4,1,5,2,6,6,4,5,5,6,7,Nível superior incompleto,Não,,Solteiro,Nenhum,Não,"De 1 a 3 salários mínimos (de R$ 1.039,01 a R$ 3.117,00)",4 a 7,Outra,18,Pelo menos uma vez na semana,Há menos de 1 ano,131,131
4,4,3,2,2,2,1,1,2,4,2,2,3,1,3,2,4,1,4,4,2,Não,3,1,2,5,5,5,6,2,5,7,7,1,5,7,7,2,5,2,3,6,7,1,6,2,1,2,2,1,6,5,1,1,2,Nível superior incompleto,Não,,Solteiro,Nenhum,Não,"De 3 a 6 salários mínimos (de R$ 3.117,01 a R$ 6.234,00)",1 a 3,Heterossexual,24,Quatro ou mais vezes na semana,Entre 1 e 2 anos,133,133
2,2,4,5,5,1,5,5,5,5,4,4,4,4,4,1,4,2,2,5,4,Não,5,5,4,4,4,4,3,4,4,3,3,2,2,5,4,5,5,3,3,3,6,2,1,1,2,6,1,1,1,2,2,6,1,2º. Grau completo,Não,,Solteiro,Nenhum,Não,"De 3 a 6 salários mínimos (de R$ 3.117,01 a R$ 6.234,00)",1 a 3,Heterossexual,20,Quatro ou mais vezes na semana,Entre 1 e 2 anos,134,134
2,2,3,5,3,2,1,3,2,4,3,2,3,4,3,2,2,4,4,1,3,Não,3,5,4,6,5,6,2,5,6,6,6,6,7,5,5,3,6,2,6,7,7,7,6,3,2,2,7,1,4,1,1,4,5,Nível superior incompleto,Sim,Esquerda,Solteiro,Nenhum,Não,"De 3 a 6 salários mínimos (de R$ 3.117,01 a R$ 6.234,00)",1 a 3,Heterossexual,19,Pelo menos uma vez na semana,Há menos de 1 ano,135,135
3,4,4,4,5,5,2,3,5,4,2,4,5,2,2,5,5,1,5,5,5,Não,3,3,3,4,4,4,1,4,4,6,1,1,3,2,7,7,7,6,6,7,7,4,4,1,1,1,1,1,6,6,1,5,1,2º. Grau completo,Não,,Solteiro,Nenhum,Não,"De 6 a 9 salários mínimos (de R$ 6.234,01 a R$ 9.351,00)",1 a 3,Heterossexual,19,Pelo menos duas vezes na semana,Entre 1 e 2 anos,137,137
4,4,4,5,4,2,5,4,2,2,2,5,5,2,4,2,4,5,5,2,5,Não,4,4,4,6,6,5,7,3,6,7,7,7,7,7,4,4,7,5,2,5,7,4,1,1,1,1,1,5,1,5,5,5,5,Nível superior incompleto,Não,,Solteiro,Nenhum,Não,"De 3 a 6 salários mínimos (de R$ 3.117,01 a R$ 6.234,00)",4 a 7,Heterossexual,18,Quatro ou mais vezes na semana,Há menos de 1 ano,139,139
3,2,4,4,5,1,4,4,5,4,2,5,4,5,3,2,3,1,5,4,5,Não,4,5,2,7,2,6,1,7,3,5,1,4,5,2,7,6,5,6,6,6,7,4,1,2,3,1,1,2,3,6,6,7,6,Nível superior incompleto,Não,,Solteiro,Nenhum,Não,"De 3 a 6 salários mínimos (de R$ 3.117,01 a R$ 6.234,00)",1 a 3,Heterossexual,20,Nunca,Há menos de 1 ano,140,140
3,2,2,1,5,1,5,1,5,2,5,5,4,5,3,2,5,5,4,3,5,Não,3,3,3,4,1,1,1,5,1,1,1,1,1,5,1,1,7,1,1,1,5,1,1,1,1,1,1,1,1,1,1,7,3,Nível superior incompleto,Não,,Solteiro,Nenhum,Não,"De 3 a 6 salários mínimos (de R$ 3.117,01 a R$ 6.234,00)",1 a 3,Outra,18,Quatro ou mais vezes na semana,Há menos de 1 ano,145,145
4,4,3,5,5,5,5,4,5,3,4,5,5,5,4,2,4,5,5,5,5,Não,5,4,1,6,6,6,5,7,6,6,6,4,6,6,6,6,6,5,6,6,7,7,1,2,2,3,1,1,6,2,2,6,6,Nível superior incompleto,Não,,Solteiro,Nenhum,Não,"De 9 a 12 salários mínimos (de R$ 9.351,01 a 12.468,00)",4 a 7,Heterossexual,18,Quatro ou mais vezes na semana,Há mais de 3 anos,147,147
4,4,4,5,5,4,5,3,4,4,4,5,4,4,4,4,4,5,4,5,4,Não,3,3,4,6,7,5,7,6,7,7,7,7,7,7,6,6,7,7,6,6,7,4,4,4,4,4,2,2,2,5,5,5,6,Nível superior incompleto,Não,,Solteiro,Nenhum,Não,"De 6 a 9 salários mínimos (de R$ 6.234,01 a R$ 9.351,00)",4 a 7,Heterossexual,20,Pelo menos três vezes na semana,Entre 1 e 2 anos,153,153
4,4,4,5,1,1,1,1,5,1,5,4,4,5,1,1,5,5,4,1,4,Não,5,5,1,6,6,7,2,6,6,1,5,4,6,3,5,5,3,1,7,7,7,5,1,2,2,1,1,6,1,7,6,5,6,Nível superior incompleto,Não,,Solteiro,Nenhum,Não,"Até 1 salário mínimo (até R$ 1.039,00)",1 a 3,Outra,19,Pelo menos uma vez na semana,Entre 1 e 2 anos,154,154
4,3,4,3,4,2,3,4,2,2,5,4,5,4,3,2,3,3,4,3,4,Não,3,1,3,3,1,1,1,6,1,2,3,1,4,4,4,3,7,4,4,4,4,4,3,3,3,3,3,4,5,3,3,5,3,Nível superior completo,Não,,Solteiro,Nenhum,Não,"De 1 a 3 salários mínimos (de R$ 1.039,01 a R$ 3.117,00)",1 a 3,Outra,19,Pelo menos duas vezes na semana,Entre 1 e 2 anos,155,155
2,4,4,5,1,4,5,1,1,3,5,4,5,4,5,2,4,5,4,2,5,Não,5,4,2,6,6,7,2,7,5,5,1,1,5,7,5,4,7,3,7,7,7,1,2,1,2,1,2,3,7,3,1,2,7,Nível superior incompleto,Não,,Solteiro,Nenhum,Não,"De 6 a 9 salários mínimos (de R$ 6.234,01 a R$ 9.351,00)",1 a 3,Outra,25,Quatro ou mais vezes na semana,Há menos de 1 ano,156,156
3,3,4,5,5,2,5,2,5,2,3,5,5,5,1,4,3,5,4,4,5,Não,1,1,1,7,6,5,1,3,5,7,7,1,5,1,1,1,7,6,5,3,7,1,1,1,1,1,1,1,1,1,1,4,1,Nível superior incompleto,Não,,Solteiro,Nenhum,Sim,"De 3 a 6 salários mínimos (de R$ 3.117,01 a R$ 6.234,00)",4 a 7,Heterossexual,19,Pelo menos uma vez na semana,Entre 1 e 2 anos,161,161
2,2,4,4,2,1,1,2,2,2,2,4,3,4,2,2,2,4,1,2,3,Não,3,3,3,6,3,5,1,1,2,3,3,5,3,5,3,3,6,5,7,6,5,4,1,3,3,5,5,6,6,2,5,6,6,Nível superior incompleto,Não,,Solteiro,Nenhum,Não,"De 1 a 3 salários mínimos (de R$ 1.039,01 a R$ 3.117,00)",1 a 3,Outra,22,Pelo menos uma vez na semana,Há menos de 1 ano,163,163
4,3,2,5,5,4,5,2,5,2,5,5,4,4,3,4,4,5,4,5,5,Não,3,3,3,7,3,4,1,2,5,6,5,5,5,5,2,2,6,4,2,2,7,3,1,5,5,4,1,1,1,2,1,1,5,2º. Grau incompleto,Não,,Solteiro,Nenhum,Não,"De 3 a 6 salários mínimos (de R$ 3.117,01 a R$ 6.234,00)",1 a 3,Heterossexual,19,Nunca,Há menos de 1 ano,164,164
2,3,4,5,5,4,5,5,4,4,5,5,5,5,4,4,2,1,4,5,5,Não,3,3,3,6,5,5,1,3,3,5,2,5,5,1,3,5,6,6,3,2,6,5,3,1,2,1,2,2,1,1,2,5,2,Nível superior incompleto,Não,,Solteiro,Nenhum,Não,"De 6 a 9 salários mínimos (de R$ 6.234,01 a R$ 9.351,00)",4 a 7,Outra,20,Quatro ou mais vezes na semana,Há menos de 1 ano,166,166
2,3,5,4,4,2,4,3,5,1,3,4,4,4,2,2,2,2,3,4,4,Não,3,3,3,4,3,4,5,5,4,1,1,7,1,6,6,7,6,4,5,7,7,4,1,1,2,3,1,1,3,2,2,1,6,Nível superior incompleto,Não,,Solteiro,Nenhum,Não,"De 6 a 9 salários mínimos (de R$ 6.234,01 a R$ 9.351,00)",4 a 7,Outra,22,Nunca,Há menos de 1 ano,168,168
5,5,4,5,4,3,5,5,5,5,2,2,4,5,2,2,3,2,4,4,3,Sim,4,2,1,5,7,1,5,6,6,7,3,7,7,7,7,7,4,7,7,5,7,7,6,1,1,2,1,2,2,5,1,1,1,Nível superior incompleto,Não,,Solteiro,Nenhum,Não,"De 6 a 9 salários mínimos (de R$ 6.234,01 a R$ 9.351,00)",4 a 7,Heterossexual,20,Pelo menos duas vezes na semana,Há mais de 3 anos,169,169
3,4,3,5,5,5,5,3,5,3,2,4,5,2,4,4,4,3,4,5,2,Não,1,1,1,4,4,4,4,4,5,7,2,4,7,1,3,4,7,5,5,4,6,1,3,1,1,2,1,2,1,4,1,4,1,Nível superior incompleto,Não,,Solteiro,Nenhum,Não,"De 9 a 12 salários mínimos (de R$ 9.351,01 a 12.468,00)",1 a 3,Heterossexual,19,Quatro ou mais vezes na semana,Entre 1 e 2 anos,170,170
4,3,3,5,4,2,3,2,3,1,3,5,3,1,3,3,3,5,5,5,4,Não,1,1,1,2,4,5,1,4,6,5,5,5,5,5,5,5,4,3,4,5,5,4,2,1,1,1,4,1,4,3,2,3,3,Nível superior incompleto,Não,,Solteiro,Nenhum,Não,"De 9 a 12 salários mínimos (de R$ 9.351,01 a 12.468,00)",1 a 3,Heterossexual,25,Quatro ou mais vezes na semana,Há menos de 1 ano,171,171
4,3,4,5,5,2,5,5,2,5,4,5,5,5,4,4,4,5,4,4,4,Não,3,3,3,5,6,5,5,6,6,5,5,7,6,5,7,6,3,7,6,3,7,6,7,6,2,2,3,6,7,7,5,7,5,Nível superior incompleto,Não,,Solteiro,Nenhum,Não,"De 3 a 6 salários mínimos (de R$ 3.117,01 a R$ 6.234,00)",1 a 3,Heterossexual,23,Pelo menos uma vez na semana,Há menos de 1 ano,174,174
4,3,4,3,5,2,5,3,3,4,5,4,5,4,3,4,5,5,2,5,5,Não,5,5,1,7,3,1,1,4,5,4,1,5,1,7,4,1,4,5,3,2,6,4,1,1,4,1,1,3,3,7,1,7,1,Nível superior incompleto,Não,,Solteiro,Nenhum,Não,"Mais de 15 salários mínimos (mais de R$ 15.585, 01)",1 a 3,Heterossexual,23,Nunca,Há menos de 1 ano,175,175
4,3,4,5,2,5,4,3,2,4,3,4,5,5,4,4,4,3,2,2,3,Sim,4,4,1,4,2,6,5,5,5,3,2,2,3,3,3,6,6,5,3,5,6,5,3,3,6,2,1,5,5,5,5,5,3,Nível superior incompleto,Não,,Em união estável,1,Sim,"De 3 a 6 salários mínimos (de R$ 3.117,01 a R$ 6.234,00)",4 a 7,Heterossexual,29,Pelo menos três vezes na semana,Há menos de 1 ano,178,178
1,2,4,4,5,1,5,1,4,2,3,5,5,5,4,4,4,4,5,2,4,Não,3,3,3,6,3,5,2,6,7,3,3,1,2,5,5,5,6,6,6,6,7,1,2,1,2,6,1,1,2,3,1,5,2,Nível superior incompleto,Não,,Solteiro,Nenhum,Não,"De 3 a 6 salários mínimos (de R$ 3.117,01 a R$ 6.234,00)",4 a 7,Heterossexual,21,Pelo menos três vezes na semana,Há mais de 3 anos,179,179
2,2,4,4,2,1,3,3,1,4,3,5,5,2,2,3,5,5,2,1,3,Não,1,1,1,7,5,1,1,5,6,6,6,5,5,6,5,6,3,4,7,7,7,2,1,1,1,1,1,2,4,4,4,7,3,Nível superior completo,Não,,Solteiro,Nenhum,Não,"De 3 a 6 salários mínimos (de R$ 3.117,01 a R$ 6.234,00)",4 a 7,Heterossexual,22,Nunca,Há menos de 1 ano,180,180
4,5,5,3,4,2,5,4,3,4,2,5,4,5,3,3,2,5,2,4,3,Não,3,3,3,2,5,2,1,4,2,5,1,1,1,1,2,7,6,5,4,5,7,1,3,1,4,4,7,6,7,6,6,1,3,Nível superior incompleto,Não,,Solteiro,Nenhum,Não,"De 12 a 15 salários mínimos (de R$ 12.468,01 a R$ 15.585,00)",4 a 7,Heterossexual,18,Quatro ou mais vezes na semana,Entre 1 e 2 anos,181,181
4,4,3,4,5,3,5,3,3,4,3,4,3,4,3,4,4,5,5,5,4,Não,5,4,1,5,4,6,2,6,6,6,2,6,3,7,7,6,4,5,4,5,5,4,6,6,4,4,4,5,7,7,5,7,6,Nível superior incompleto,Não,,Solteiro,Nenhum,Não,"De 6 a 9 salários mínimos (de R$ 6.234,01 a R$ 9.351,00)",1 a 3,Heterossexual,22,Quatro ou mais vezes na semana,Há mais de 3 anos,182,182
4,4,4,3,5,3,4,3,3,2,3,3,3,2,2,3,2,2,2,2,3,Não,5,4,1,1,5,3,2,7,6,4,2,3,2,2,1,6,4,4,5,7,7,6,3,1,1,3,1,6,6,6,6,7,7,Nível superior incompleto,Não,,Solteiro,Nenhum,Não,"De 3 a 6 salários mínimos (de R$ 3.117,01 a R$ 6.234,00)",1 a 3,Heterossexual,21,Pelo menos uma vez na semana,Há menos de 1 ano,185,185
4,4,5,4,5,5,5,2,2,1,4,5,5,5,3,2,2,4,2,5,5,Não,4,4,1,5,6,7,6,7,5,4,1,2,5,6,3,4,7,2,2,5,6,1,1,1,1,2,4,1,1,1,1,6,3,Nível superior incompleto,Não,,Solteiro,Nenhum,Não,"De 3 a 6 salários mínimos (de R$ 3.117,01 a R$ 6.234,00)",1 a 3,Heterossexual,19,Pelo menos três vezes na semana,Entre 1 e 2 anos,186,186
5,4,5,5,5,2,5,5,5,4,4,2,5,4,4,5,4,5,4,5,5,Não,1,1,1,7,7,7,7,6,5,6,6,6,6,5,1,6,5,6,5,6,7,1,5,4,1,1,1,5,6,6,1,6,1,Nível superior incompleto,Sim,Esquerda,Solteiro,Nenhum,Não,"De 9 a 12 salários mínimos (de R$ 9.351,01 a 12.468,00)",1 a 3,Heterossexual,28,Quatro ou mais vezes na semana,Há menos de 1 ano,189,189
2,3,3,4,4,2,4,3,4,3,3,4,4,5,4,2,4,5,5,1,4,Não,3,5,3,6,2,6,1,5,4,2,1,2,2,1,3,1,5,3,4,3,7,3,1,2,1,2,4,1,3,4,1,3,4,Nível superior incompleto,Não,,Solteiro,Nenhum,Não,"De 1 a 3 salários mínimos (de R$ 1.039,01 a R$ 3.117,00)",4 a 7,Outra,18,Quatro ou mais vezes na semana,Há menos de 1 ano,192,192
3,3,4,2,2,1,1,2,4,1,2,4,3,5,2,2,4,3,1,2,4,Sim,4,5,3,2,4,4,1,5,5,2,2,1,1,3,6,7,7,6,5,3,7,2,1,1,1,1,4,2,5,5,1,3,3,Nível superior incompleto,Não,,Em união estável,Nenhum,Não,"De 1 a 3 salários mínimos (de R$ 1.039,01 a R$ 3.117,00)",1 a 3,Outra,26,Nunca,Há menos de 1 ano,193,193
4,4,5,4,4,4,5,5,3,2,5,4,5,4,3,4,4,4,4,2,4,Sim,5,2,3,7,2,7,1,3,5,5,5,1,5,6,5,6,5,4,6,7,7,1,2,1,1,2,1,1,1,2,1,3,4,Nível superior completo,Não,,Em união estável,Nenhum,Não,"De 6 a 9 salários mínimos (de R$ 6.234,01 a R$ 9.351,00)",1 a 3,Outra,29,Pelo menos duas vezes na semana,Há menos de 1 ano,195,195
5,4,4,4,5,3,5,4,5,2,5,4,4,3,4,4,4,5,4,4,5,Não,5,3,1,7,6,4,1,5,5,6,3,5,6,7,7,6,5,6,6,6,6,2,2,1,2,1,1,7,1,7,3,6,6,Nível superior incompleto,Não,,Solteiro,Nenhum,Não,"Mais de 15 salários mínimos (mais de R$ 15.585, 01)",4 a 7,Heterossexual,23,Quatro ou mais vezes na semana,Há mais de 3 anos,196,196
4,5,4,4,5,4,5,5,2,4,4,4,5,4,3,4,4,5,4,4,4,Não,4,3,2,5,3,6,6,5,5,6,6,6,6,3,5,5,6,6,6,6,5,4,2,2,2,1,6,5,7,5,6,6,6,Nível superior incompleto,Não,,Solteiro,Nenhum,Não,"De 3 a 6 salários mínimos (de R$ 3.117,01 a R$ 6.234,00)",1 a 3,Heterossexual,21,Pelo menos duas vezes na semana,Há mais de 3 anos,197,197
5,4,4,4,4,2,4,4,2,4,4,4,4,4,4,3,4,5,4,4,5,Sim,4,5,3,4,6,2,2,4,3,6,5,6,6,5,6,7,6,6,5,6,6,1,3,2,1,2,3,2,5,3,1,5,5,Nível superior incompleto,Não,,Casado,3 ou mais,Não,"De 3 a 6 salários mínimos (de R$ 3.117,01 a R$ 6.234,00)",4 a 7,Heterossexual,34,Pelo menos três vezes na semana,Há mais de 3 anos,199,199
3,3,4,4,4,2,4,4,5,4,3,2,3,4,3,2,4,4,1,1,2,Não,3,3,3,7,5,6,1,3,6,5,5,6,5,5,7,7,7,5,6,5,7,5,1,1,1,1,1,2,3,3,3,6,6,Nível superior incompleto,Não,,Solteiro,Nenhum,Não,"Até 1 salário mínimo (até R$ 1.039,00)",1 a 3,Outra,20,Nunca,Há menos de 1 ano,201,201
4,3,4,3,4,4,4,3,3,3,5,2,5,3,2,4,2,3,2,2,4,Não,4,3,2,3,4,6,5,7,5,3,4,5,5,2,7,5,7,7,6,6,7,1,2,1,1,2,1,1,1,2,1,3,3,Nível superior incompleto,Não,,Solteiro,Nenhum,Não,"De 1 a 3 salários mínimos (de R$ 1.039,01 a R$ 3.117,00)",4 a 7,Outra,21,Pelo menos uma vez na semana,Entre 1 e 2 anos,204,204
4,3,3,4,5,2,4,4,2,4,2,4,4,5,2,4,3,4,4,1,5,Não,4,2,1,6,3,2,6,5,4,6,5,7,6,6,5,5,6,4,4,2,7,6,1,2,1,1,4,6,6,6,6,6,4,Nível superior incompleto,Não,,Solteiro,Nenhum,Não,"De 3 a 6 salários mínimos (de R$ 3.117,01 a R$ 6.234,00)",1 a 3,Heterossexual,20,Pelo menos uma vez na semana,Há mais de 3 anos,206,206
5,5,5,4,5,5,5,4,4,5,2,5,3,4,3,5,2,4,2,2,3,Não,5,5,1,7,7,3,3,7,7,1,1,7,1,7,7,6,7,7,1,3,7,3,1,1,1,1,7,2,7,3,1,2,7,Nível superior incompleto,Não,,Solteiro,Nenhum,Não,"De 3 a 6 salários mínimos (de R$ 3.117,01 a R$ 6.234,00)",4 a 7,Heterossexual,20,Nunca,Há menos de 1 ano,207,207
4,3,3,4,5,4,4,4,4,4,3,5,5,5,4,4,4,5,4,1,5,Não,1,3,3,6,3,6,1,5,5,6,3,5,5,3,3,2,7,6,7,7,7,6,2,1,2,1,2,1,3,1,1,1,6,Nível superior incompleto,Não,,Solteiro,Nenhum,Não,"De 1 a 3 salários mínimos (de R$ 1.039,01 a R$ 3.117,00)",4 a 7,Outra,20,Pelo menos uma vez na semana,Entre 1 e 2 anos,208,208
4,4,4,5,5,2,5,4,2,4,4,5,4,5,2,4,2,5,2,1,3,Não,3,3,3,6,6,6,5,5,5,6,6,6,5,7,4,6,7,6,7,5,6,4,2,1,2,2,2,1,6,2,1,6,1,Nível superior incompleto,Não,,Solteiro,Nenhum,Não,"De 3 a 6 salários mínimos (de R$ 3.117,01 a R$ 6.234,00)",4 a 7,Outra,20,Pelo menos duas vezes na semana,Há menos de 1 ano,211,211
3,3,3,5,5,4,5,3,5,3,4,4,4,2,4,4,5,1,4,3,4,Não,4,3,3,6,4,5,3,4,5,3,1,4,4,3,1,3,3,3,4,4,6,2,2,2,4,1,1,3,4,1,2,3,2,Nível superior incompleto,Não,,Solteiro,Nenhum,Não,"De 6 a 9 salários mínimos (de R$ 6.234,01 a R$ 9.351,00)",1 a 3,Heterossexual,20,Pelo menos três vezes na semana,Há mais de 3 anos,213,213
3,3,4,5,5,4,4,2,4,3,4,4,4,5,4,2,4,5,4,5,4,Não,3,3,3,7,7,7,5,7,7,2,2,3,2,5,6,6,7,6,6,5,7,2,1,1,2,5,1,5,2,1,5,5,7,Nível superior incompleto,Não,,Solteiro,Nenhum,Não,"De 3 a 6 salários mínimos (de R$ 3.117,01 a R$ 6.234,00)",4 a 7,Heterossexual,21,Pelo menos uma vez na semana,Há menos de 1 ano,217,217
2,4,3,5,5,4,5,4,4,4,5,4,5,4,3,4,4,5,5,5,4,Não,4,5,3,7,6,5,6,5,6,7,7,7,7,7,6,6,7,6,5,5,7,4,1,1,3,2,1,2,1,2,1,3,5,Nível superior incompleto,Não,,Solteiro,Nenhum,Não,"De 3 a 6 salários mínimos (de R$ 3.117,01 a R$ 6.234,00)",4 a 7,Heterossexual,21,Pelo menos três vezes na semana,Há mais de 3 anos,219,219
4,4,3,3,4,2,5,2,5,4,2,2,4,4,2,2,4,5,5,1,5,Não,1,1,1,2,6,1,1,5,5,1,1,5,2,1,5,6,6,6,2,6,7,2,1,1,3,1,2,1,1,3,3,6,6,Nível superior incompleto,Não,,Solteiro,Nenhum,Não,"De 3 a 6 salários mínimos (de R$ 3.117,01 a R$ 6.234,00)",4 a 7,Heterossexual,22,Pelo menos três vezes na semana,Entre 1 e 2 anos,220,220
5,4,4,5,4,4,5,4,5,3,4,4,5,5,3,4,4,5,4,1,5,Não,3,3,3,5,7,1,1,7,5,7,7,7,7,5,7,6,6,6,6,7,7,7,1,4,1,5,5,4,3,5,5,6,7,Nível superior incompleto,Não,,Solteiro,Nenhum,Não,"De 3 a 6 salários mínimos (de R$ 3.117,01 a R$ 6.234,00)",4 a 7,Heterossexual,20,Pelo menos duas vezes na semana,Entre 1 e 2 anos,221,221
4,5,3,2,2,1,1,4,1,5,2,4,5,2,4,2,1,4,1,4,5,Não,3,3,3,7,7,6,1,6,6,7,7,7,7,7,7,7,2,7,6,2,6,2,6,1,5,6,2,1,7,5,6,5,7,Nível superior incompleto,Não,,Solteiro,Nenhum,Não,"De 1 a 3 salários mínimos (de R$ 1.039,01 a R$ 3.117,00)",4 a 7,Outra,20,Pelo menos uma vez na semana,Há menos de 1 ano,222,222
4,4,4,4,2,1,4,1,5,2,4,5,5,4,4,2,4,5,2,1,5,Não,3,3,3,4,3,4,1,5,5,6,5,5,6,6,5,6,6,6,6,6,6,2,6,1,3,5,5,1,6,3,1,5,6,Nível superior completo,Não,,Solteiro,Nenhum,Não,"De 3 a 6 salários mínimos (de R$ 3.117,01 a R$ 6.234,00)",4 a 7,Outra,21,Nunca,Há menos de 1 ano,228,228
1,2,4,4,5,4,4,4,4,3,2,4,3,5,2,4,3,2,2,5,5,Não,1,1,1,5,4,4,1,6,5,6,5,5,5,5,3,7,5,6,3,5,5,5,2,2,1,2,1,3,1,5,2,6,6,Nível superior incompleto,Não,,Solteiro,Nenhum,Não,"Mais de 15 salários mínimos (mais de R$ 15.585, 01)",4 a 7,Heterossexual,17,Pelo menos três vezes na semana,Entre 1 e 2 anos,229,229
4,3,5,4,4,4,3,4,4,3,3,5,5,2,2,3,4,4,3,4,2,Não,3,2,2,4,4,5,2,5,5,6,6,5,7,6,6,6,6,6,6,5,7,4,1,3,1,1,2,2,3,3,2,5,3,Nível superior incompleto,Não,,Solteiro,Nenhum,Não,"De 3 a 6 salários mínimos (de R$ 3.117,01 a R$ 6.234,00)",1 a 3,Outra,21,Pelo menos duas vezes na semana,Há menos de 1 ano,233,233
4,4,4,4,2,4,4,2,2,2,4,5,5,4,4,2,4,1,2,1,4,Não,4,5,3,6,4,7,6,6,5,6,4,7,7,7,7,7,7,7,6,7,7,5,1,1,4,2,4,7,5,5,5,6,5,Nível superior incompleto,Não,,Solteiro,Nenhum,Não,"Até 1 salário mínimo (até R$ 1.039,00)",4 a 7,Outra,18,Pelo menos duas vezes na semana,Há menos de 1 ano,236,236
4,3,5,4,4,4,1,2,3,1,4,5,5,4,3,2,3,3,3,1,5,Não,3,3,3,4,4,4,4,4,4,3,6,6,6,1,6,7,7,7,7,7,7,1,4,1,5,1,1,1,6,2,1,1,5,Nível superior incompleto,Não,,Solteiro,Nenhum,Não,"Até 1 salário mínimo (até R$ 1.039,00)",1 a 3,Outra,21,Nunca,Há menos de 1 ano,237,237
4,4,4,5,5,2,5,3,5,2,3,2,3,3,3,1,3,4,4,5,5,Não,3,3,3,7,5,2,1,6,6,5,5,4,5,5,3,4,6,6,4,5,7,4,1,1,2,1,3,3,1,4,3,5,4,Nível superior incompleto,Não,,Solteiro,Nenhum,Não,"De 6 a 9 salários mínimos (de R$ 6.234,01 a R$ 9.351,00)",4 a 7,Heterossexual,20,Quatro ou mais vezes na semana,Entre 1 e 2 anos,242,242
5,4,5,5,4,1,4,5,4,3,4,5,5,4,3,2,4,2,4,2,4,Não,4,5,3,1,1,7,1,1,1,3,1,1,1,1,1,7,7,7,1,7,7,7,1,4,5,1,3,1,2,7,5,2,3,Nível superior completo,Não,,Solteiro,Nenhum,Não,"De 1 a 3 salários mínimos (de R$ 1.039,01 a R$ 3.117,00)",Moro sozinho,Outra,34,Quatro ou mais vezes na semana,Entre 1 e 2 anos,243,243
2,2,3,4,5,5,5,4,4,3,2,1,5,5,3,2,5,4,4,1,3,Não,4,4,1,5,3,1,1,2,3,2,1,3,3,5,3,2,3,6,2,2,6,1,1,1,2,2,2,1,1,1,6,7,5,Nível superior incompleto,Não,,Solteiro,Nenhum,Não,"De 1 a 3 salários mínimos (de R$ 1.039,01 a R$ 3.117,00)",1 a 3,Heterossexual,21,Pelo menos duas vezes na semana,Há mais de 3 anos,244,244
3,3,4,4,3,4,2,1,2,4,4,4,4,4,2,3,4,4,2,2,3,Não,3,3,3,6,5,2,3,6,6,7,7,3,6,7,5,6,2,6,4,7,7,2,1,1,2,4,5,2,1,1,5,6,6,Nível superior incompleto,Não,,Solteiro,Nenhum,Não,"De 3 a 6 salários mínimos (de R$ 3.117,01 a R$ 6.234,00)",4 a 7,Heterossexual,34,Quatro ou mais vezes na semana,Há menos de 1 ano,245,245
3,3,5,4,5,5,5,4,4,2,5,5,5,4,3,2,4,2,4,4,3,Não,3,3,3,4,2,4,2,6,5,2,2,1,2,1,1,5,6,7,6,5,6,1,1,1,1,2,1,2,4,4,1,1,1,Nível superior incompleto,Não,,Solteiro,Nenhum,Não,"De 3 a 6 salários mínimos (de R$ 3.117,01 a R$ 6.234,00)",1 a 3,Outra,19,Pelo menos duas vezes na semana,Há menos de 1 ano,247,247
2,4,3,5,4,4,5,5,4,4,3,2,5,4,4,4,4,3,4,4,4,Não,3,3,3,5,4,1,1,3,3,2,1,1,1,1,2,3,6,4,5,4,7,2,2,2,2,2,3,5,2,2,2,5,4,Nível superior incompleto,Não,,Solteiro,Nenhum,Não,"De 6 a 9 salários mínimos (de R$ 6.234,01 a R$ 9.351,00)",4 a 7,Heterossexual,21,Pelo menos três vezes na semana,Entre 1 e 2 anos,250,250
2,3,3,4,2,2,4,3,5,5,3,2,3,5,4,1,5,5,4,4,5,Não,3,3,3,6,4,6,1,1,3,7,1,7,7,6,1,7,5,5,7,5,7,4,4,1,3,5,4,1,1,4,5,7,1,Nível superior incompleto,Não,,Solteiro,Nenhum,Não,"De 3 a 6 salários mínimos (de R$ 3.117,01 a R$ 6.234,00)",4 a 7,Heterossexual,19,Pelo menos uma vez na semana,Há mais de 3 anos,251,251
5,4,4,4,4,3,5,4,2,4,4,4,5,3,3,3,2,3,2,1,5,Não,1,1,1,4,6,5,6,1,4,5,6,5,5,5,6,4,7,5,6,7,6,4,2,2,3,1,4,3,6,6,1,5,7,Nível superior incompleto,Não,,Solteiro,1,Não,"De 3 a 6 salários mínimos (de R$ 3.117,01 a R$ 6.234,00)",4 a 7,Heterossexual,23,Pelo menos três vezes na semana,Há mais de 3 anos,253,253
5,4,4,3,5,2,4,3,2,2,4,5,4,4,4,2,3,5,3,3,4,Não,4,2,1,6,5,7,2,5,7,2,1,1,1,6,6,6,5,7,7,5,6,2,1,2,1,6,1,4,1,4,1,7,4,1º. Grau completo,Não,,Solteiro,Nenhum,Não,"De 6 a 9 salários mínimos (de R$ 6.234,01 a R$ 9.351,00)",4 a 7,Heterossexual,19,Pelo menos duas vezes na semana,Entre 1 e 2 anos,257,257
4,3,3,4,4,1,2,2,4,2,4,4,5,5,2,1,3,4,4,1,3,Não,1,1,1,7,4,7,3,6,6,1,4,4,5,5,4,4,6,4,6,6,4,3,1,1,2,4,4,2,1,2,4,6,3,Nível superior incompleto,Não,,Solteiro,Nenhum,Não,"De 1 a 3 salários mínimos (de R$ 1.039,01 a R$ 3.117,00)",1 a 3,Outra,18,Pelo menos uma vez na semana,Há mais de 3 anos,258,258
4,2,3,4,4,5,4,4,4,4,4,4,4,4,3,3,4,5,4,1,3,Não,3,3,3,6,5,4,1,5,5,6,6,5,6,1,6,3,7,6,3,4,7,4,2,1,1,5,4,1,1,1,1,4,5,Nível superior incompleto,Não,,Solteiro,Nenhum,Não,"De 1 a 3 salários mínimos (de R$ 1.039,01 a R$ 3.117,00)",1 a 3,Heterossexual,19,Pelo menos duas vezes na semana,Entre 1 e 2 anos,259,259
2,4,4,5,5,2,4,2,2,5,2,4,4,5,1,4,4,4,2,4,4,Não,4,4,1,5,7,5,2,7,5,7,6,7,7,5,6,6,7,7,5,6,7,5,3,1,2,1,7,6,3,7,7,5,7,Nível superior incompleto,Não,,Solteiro,Nenhum,Não,"De 1 a 3 salários mínimos (de R$ 1.039,01 a R$ 3.117,00)",4 a 7,Heterossexual,19,Pelo menos duas vezes na semana,Há menos de 1 ano,260,260
4,5,5,5,3,2,4,3,2,2,5,5,5,5,2,2,4,2,2,2,3,Não,3,3,3,7,6,2,2,7,5,7,7,7,7,5,6,6,7,7,4,2,7,7,2,5,6,4,6,6,7,7,6,5,7,Nível superior incompleto,Não,,Solteiro,Nenhum,Não,"De 6 a 9 salários mínimos (de R$ 6.234,01 a R$ 9.351,00)",4 a 7,Heterossexual,19,Pelo menos uma vez na semana,Há menos de 1 ano,261,261
3,3,4,5,4,4,4,4,2,4,2,5,5,4,1,4,3,2,2,4,4,Não,3,2,3,4,3,5,3,3,5,3,1,4,5,5,3,4,5,5,3,4,6,4,1,1,3,3,1,1,1,1,1,5,5,Nível superior incompleto,Não,,Solteiro,Nenhum,Não,"De 3 a 6 salários mínimos (de R$ 3.117,01 a R$ 6.234,00)",4 a 7,Heterossexual,22,Pelo menos uma vez na semana,Entre 1 e 2 anos,262,262
1,2,3,5,2,2,2,1,2,4,1,2,4,4,2,1,2,5,2,1,3,Não,3,3,3,4,3,5,2,4,4,6,5,3,6,1,7,3,5,2,4,5,7,4,1,1,2,1,1,5,3,5,1,7,6,Nível superior incompleto,Não,,Solteiro,Nenhum,Não,"De 1 a 3 salários mínimos (de R$ 1.039,01 a R$ 3.117,00)",1 a 3,Heterossexual,22,Pelo menos duas vezes na semana,Há menos de 1 ano,263,263
3,4,3,4,4,2,5,4,5,3,3,4,5,4,4,3,4,5,4,3,5,Não,3,3,3,6,5,5,1,6,6,4,5,5,6,4,3,3,6,6,6,5,6,4,4,1,2,2,3,6,3,3,1,3,4,Nível superior incompleto,Não,,Solteiro,Nenhum,Não,"De 3 a 6 salários mínimos (de R$ 3.117,01 a R$ 6.234,00)",1 a 3,Heterossexual,18,Pelo menos duas vezes na semana,Há menos de 1 ano,264,264
3,2,4,5,4,1,2,4,5,4,4,2,5,1,4,2,4,4,4,4,3,Não,5,5,4,5,3,5,1,3,6,3,2,5,1,7,3,6,4,6,7,3,7,2,1,1,1,1,7,2,2,7,1,6,1,Nível superior incompleto,Não,,Solteiro,Nenhum,Não,"Mais de 15 salários mínimos (mais de R$ 15.585, 01)",1 a 3,Heterossexual,26,Pelo menos uma vez na semana,Há menos de 1 ano,265,265
2,2,3,2,4,5,2,1,4,4,3,5,4,4,4,4,2,5,4,5,5,Não,5,3,3,6,2,5,1,4,6,6,6,6,6,3,2,3,4,3,6,4,7,1,1,1,5,1,7,1,2,1,3,1,1,Nível superior incompleto,Não,,Solteiro,Nenhum,Não,"Mais de 15 salários mínimos (mais de R$ 15.585, 01)",1 a 3,Heterossexual,20,Quatro ou mais vezes na semana,Entre 1 e 2 anos,266,266
4,1,3,4,3,3,3,2,4,4,2,2,2,2,1,2,3,5,3,1,2,Não,4,3,1,4,6,6,2,2,4,7,7,7,7,7,7,7,7,4,7,4,5,5,1,1,1,1,7,1,1,1,5,1,6,Nível superior incompleto,Não,,Solteiro,Nenhum,Não,"Até 1 salário mínimo (até R$ 1.039,00)",4 a 7,Heterossexual,19,Quatro ou mais vezes na semana,Há mais de 3 anos,267,267
4,4,4,4,5,5,5,4,4,4,4,5,5,5,4,4,5,5,4,5,5,Não,5,5,5,4,5,5,2,5,5,7,5,7,7,7,7,7,6,5,7,6,7,5,1,2,2,6,4,4,7,5,1,6,1,Nível superior incompleto,Não,,Solteiro,Nenhum,Não,"De 3 a 6 salários mínimos (de R$ 3.117,01 a R$ 6.234,00)",1 a 3,Heterossexual,20,Quatro ou mais vezes na semana,Há menos de 1 ano,268,268
4,4,4,4,4,2,5,3,2,4,4,2,5,5,2,1,4,5,5,5,5,Não,5,5,3,7,6,7,2,6,6,7,7,7,7,6,7,7,7,5,6,5,7,4,1,1,1,2,2,1,1,5,1,5,6,Nível superior incompleto,Não,,Em união estável,Nenhum,Não,"De 1 a 3 salários mínimos (de R$ 1.039,01 a R$ 3.117,00)",1 a 3,Heterossexual,20,Quatro ou mais vezes na semana,Há menos de 1 ano,269,269
2,4,1,4,5,1,1,2,4,2,1,2,1,4,1,4,2,1,1,3,1,Não,3,3,1,3,5,1,1,7,5,5,1,7,5,1,1,6,6,3,7,3,7,7,2,3,6,3,5,2,2,3,7,7,7,Nível superior incompleto,Não,,Solteiro,Nenhum,Não,"De 6 a 9 salários mínimos (de R$ 6.234,01 a R$ 9.351,00)",Moro sozinho,Outra,27,Quatro ou mais vezes na semana,Há menos de 1 ano,270,270
2,3,4,3,4,5,4,2,4,3,4,5,5,5,4,4,2,5,3,1,5,Não,3,3,3,4,4,4,2,4,4,7,7,5,7,6,2,5,6,6,5,4,7,1,1,1,1,4,1,1,1,2,2,3,3,Nível superior incompleto,Não,,Solteiro,Nenhum,Não,"De 3 a 6 salários mínimos (de R$ 3.117,01 a R$ 6.234,00)",4 a 7,Heterossexual,17,Pelo menos uma vez na semana,Há menos de 1 ano,271,271
2,3,5,4,4,2,5,4,4,2,5,4,5,2,4,2,3,2,2,2,4,Não,1,1,1,5,3,4,1,3,4,5,1,1,1,6,5,6,6,5,6,3,7,1,1,1,3,4,2,2,1,1,2,3,1,Nível superior incompleto,Não,,Solteiro,Nenhum,Não,"De 3 a 6 salários mínimos (de R$ 3.117,01 a R$ 6.234,00)",4 a 7,Heterossexual,17,Nunca,Há menos de 1 ano,272,272
4,4,5,4,5,4,4,4,1,5,5,4,5,2,3,4,2,1,4,3,3,Não,3,3,3,6,7,6,2,5,6,7,7,7,7,7,7,6,7,6,5,6,7,7,2,2,2,6,6,2,3,7,3,3,7,Nível superior incompleto,Não,,Solteiro,Nenhum,Não,"De 1 a 3 salários mínimos (de R$ 1.039,01 a R$ 3.117,00)",Moro sozinho,Outra,20,Quatro ou mais vezes na semana,Entre 1 e 2 anos,274,274
4,3,3,4,2,4,1,3,5,4,4,5,5,5,3,1,5,2,4,3,3,Não,3,3,3,5,6,7,1,6,6,1,1,3,1,5,7,6,7,7,4,6,7,4,6,1,1,4,7,1,6,5,1,7,1,Nível superior incompleto,Não,,Solteiro,Nenhum,Não,"De 1 a 3 salários mínimos (de R$ 1.039,01 a R$ 3.117,00)",4 a 7,Outra,22,Pelo menos duas vezes na semana,Há menos de 1 ano,275,275
4,4,4,4,5,5,5,4,5,5,5,5,4,4,2,4,5,4,2,3,4,Não,3,3,3,6,4,4,1,4,5,7,4,7,7,3,7,6,7,6,5,4,7,4,6,1,3,1,7,1,6,5,1,1,6,Nível superior incompleto,Não,,Solteiro,Nenhum,Não,"Até 1 salário mínimo (até R$ 1.039,00)",4 a 7,Outra,23,Pelo menos uma vez na semana,Há menos de 1 ano,276,276
1,2,4,3,2,2,4,3,1,1,4,4,4,5,3,1,2,2,2,5,3,Não,3,3,3,1,1,1,4,5,1,4,2,1,1,2,3,5,7,5,5,7,7,1,2,1,2,5,1,1,6,1,1,5,1,Nível superior incompleto,Não,,Solteiro,Nenhum,Não,"De 3 a 6 salários mínimos (de R$ 3.117,01 a R$ 6.234,00)",4 a 7,Outra,19,Nunca,Há mais de 3 anos,279,279
5,5,4,5,4,2,4,4,4,4,4,4,4,5,2,2,2,4,4,4,4,Não,3,3,3,1,2,3,3,2,5,3,5,4,4,5,6,7,7,7,7,5,7,5,3,1,2,4,5,6,7,1,5,7,2,Nível superior incompleto,Não,,Solteiro,Nenhum,Não,"Mais de 15 salários mínimos (mais de R$ 15.585, 01)",4 a 7,Outra,19,Nunca,Há menos de 1 ano,280,280
4,4,5,5,3,2,3,4,3,4,4,4,5,2,3,2,2,1,2,1,4,Não,3,3,2,3,4,5,2,3,3,6,6,6,7,5,6,7,7,7,7,6,7,4,6,1,2,2,2,3,7,6,2,2,2,Nível superior incompleto,Sim,Esquerda,Solteiro,Nenhum,Não,"Até 1 salário mínimo (até R$ 1.039,00)",1 a 3,Outra,23,Pelo menos uma vez na semana,Há menos de 1 ano,281,281
4,4,4,4,5,3,5,4,4,4,4,5,5,4,3,3,3,5,4,5,4,Não,4,5,2,6,5,4,3,6,5,6,3,4,6,6,7,6,6,2,4,2,7,6,5,3,5,5,6,2,5,3,1,7,6,Nível superior incompleto,Não,,Solteiro,Nenhum,Não,"De 3 a 6 salários mínimos (de R$ 3.117,01 a R$ 6.234,00)",4 a 7,Heterossexual,22,Quatro ou mais vezes na semana,Há menos de 1 ano,284,284
2,4,4,4,5,2,5,1,5,4,2,4,4,5,4,2,2,5,4,1,3,Não,3,3,3,7,3,6,1,3,6,7,7,7,7,6,2,3,6,4,4,3,7,2,3,1,1,4,3,1,1,1,1,6,5,Nível superior incompleto,Não,,Solteiro,Nenhum,Não,"De 3 a 6 salários mínimos (de R$ 3.117,01 a R$ 6.234,00)",4 a 7,Heterossexual,22,Pelo menos duas vezes na semana,Há menos de 1 ano,287,287
1,4,5,4,5,5,5,5,5,4,5,5,5,5,4,4,4,4,4,4,4,Não,4,4,5,5,5,4,2,4,5,4,4,4,4,5,2,6,6,5,6,5,7,5,2,1,1,2,1,1,6,1,1,5,6,Nível superior incompleto,Não,,Solteiro,Nenhum,Não,"De 3 a 6 salários mínimos (de R$ 3.117,01 a R$ 6.234,00)",1 a 3,Heterossexual,20,Pelo menos uma vez na semana,Entre 1 e 2 anos,292,292
4,4,4,5,4,4,5,4,4,4,4,5,5,4,4,4,4,2,2,3,3,Não,5,3,3,7,6,7,6,6,7,6,6,6,7,6,7,7,7,7,3,4,7,4,2,1,1,1,1,3,3,6,3,6,6,Fazendo especialização,Não,,Solteiro,Nenhum,Não,"De 3 a 6 salários mínimos (de R$ 3.117,01 a R$ 6.234,00)",4 a 7,Heterossexual,26,Pelo menos uma vez na semana,Há menos de 1 ano,293,293
4,3,3,4,5,1,5,2,5,1,4,5,4,2,4,4,2,5,2,5,4,Não,3,3,3,3,6,1,6,2,5,7,6,5,6,7,2,1,4,4,3,5,4,2,5,2,1,1,4,7,6,6,1,1,5,Nível superior incompleto,Não,,Solteiro,Nenhum,Não,"De 3 a 6 salários mínimos (de R$ 3.117,01 a R$ 6.234,00)",1 a 3,Heterossexual,21,Nunca,Há menos de 1 ano,295,295
1,1,1,3,4,5,4,3,4,3,3,4,3,5,1,2,2,5,1,1,3,Não,5,1,1,4,5,1,6,2,2,7,2,5,7,1,7,4,7,4,3,4,6,1,1,4,1,3,2,2,5,5,6,7,5,Nível superior incompleto,Não,,Solteiro,Nenhum,Não,"De 1 a 3 salários mínimos (de R$ 1.039,01 a R$ 3.117,00)",1 a 3,Heterossexual,19,Nunca,Há menos de 1 ano,296,296
3,4,4,4,5,4,5,4,4,2,2,2,4,2,2,5,5,5,4,5,4,Não,3,3,3,7,5,4,1,5,7,2,1,1,3,5,6,5,7,6,6,6,6,6,4,1,4,4,4,2,1,1,1,3,1,Nível superior completo,Não,,Solteiro,Nenhum,Não,"De 12 a 15 salários mínimos (de R$ 12.468,01 a R$ 15.585,00)",1 a 3,Outra,29,Pelo menos uma vez na semana,Há mais de 3 anos,297,297
4,4,4,5,4,4,4,2,1,2,5,2,5,2,1,4,5,5,4,2,5,Não,3,3,2,4,1,6,7,4,5,7,6,5,6,3,3,6,6,6,7,5,6,4,7,5,4,5,4,6,4,6,5,6,6,Nível superior incompleto,Não,,Solteiro,Nenhum,Não,"De 1 a 3 salários mínimos (de R$ 1.039,01 a R$ 3.117,00)",Moro sozinho,Outra,22,Pelo menos duas vezes na semana,Há mais de 3 anos,299,299
4,4,4,4,4,5,5,2,4,4,5,4,5,5,4,5,2,4,4,1,5,Sim,4,4,4,1,5,6,1,5,4,7,7,1,7,5,1,6,7,7,1,7,5,2,1,1,1,1,1,1,1,1,1,2,1,Nível superior incompleto,Não,,Em união estável,Nenhum,Não,"Até 1 salário mínimo (até R$ 1.039,00)",1 a 3,Outra,26,Quatro ou mais vezes na semana,Entre 1 e 2 anos,303,303
2,1,4,4,5,1,4,4,5,2,4,2,5,5,3,2,2,2,2,5,3,Não,3,3,3,6,2,6,2,5,5,6,6,6,6,5,3,5,6,6,6,6,6,3,2,1,2,2,2,2,1,2,2,6,1,Nível superior incompleto,Não,,Solteiro,Nenhum,Não,"De 9 a 12 salários mínimos (de R$ 9.351,01 a 12.468,00)",4 a 7,Outra,18,Nunca,Há menos de 1 ano,306,306
4,4,4,5,4,5,5,3,2,4,4,3,4,2,2,3,4,4,4,2,4,Não,3,3,3,6,5,2,2,6,6,5,5,6,6,7,5,6,5,5,6,6,6,6,3,2,3,4,3,3,1,4,1,7,6,Mestrando (a),Não,,Solteiro,Nenhum,Não,"De 3 a 6 salários mínimos (de R$ 3.117,01 a R$ 6.234,00)",4 a 7,Heterossexual,24,Pelo menos duas vezes na semana,Entre 1 e 2 anos,310,310
2,4,4,5,2,2,4,4,5,3,4,4,5,4,3,2,4,2,3,3,4,Não,3,3,3,5,2,3,1,5,6,5,2,1,2,2,3,3,6,6,4,3,6,4,1,1,3,2,5,3,1,5,2,3,2,Nível superior incompleto,Não,,Solteiro,Nenhum,Não,"De 1 a 3 salários mínimos (de R$ 1.039,01 a R$ 3.117,00)",1 a 3,Outra,18,Pelo menos duas vezes na semana,Entre 1 e 2 anos,313,313
4,4,5,4,5,5,4,1,4,2,5,5,5,5,3,4,4,5,5,1,5,Não,3,3,3,7,7,6,2,6,6,6,2,3,4,6,6,6,7,5,7,3,7,4,3,2,1,1,1,1,3,1,1,6,5,Nível superior incompleto,Não,,Solteiro,Nenhum,Não,"De 3 a 6 salários mínimos (de R$ 3.117,01 a R$ 6.234,00)",1 a 3,Outra,18,Nunca,Há menos de 1 ano,316,316
4,5,5,5,5,4,4,3,4,4,4,5,5,4,4,4,2,5,4,2,4,Não,3,3,3,7,5,3,5,2,2,7,7,7,7,7,5,6,7,6,7,7,7,4,1,1,1,2,2,1,2,2,1,5,3,Nível superior incompleto,Não,,Solteiro,Nenhum,Não,"De 3 a 6 salários mínimos (de R$ 3.117,01 a R$ 6.234,00)",4 a 7,Outra,19,Nunca,Há menos de 1 ano,317,317
4,2,4,5,5,1,5,3,5,4,4,2,4,5,3,4,5,5,4,5,5,Não,3,3,3,5,5,2,1,6,6,2,2,4,6,6,2,2,7,5,6,6,7,2,1,1,1,2,1,3,4,5,1,5,4,Nível superior incompleto,Não,,Solteiro,Nenhum,Não,"De 6 a 9 salários mínimos (de R$ 6.234,01 a R$ 9.351,00)",4 a 7,Heterossexual,19,Pelo menos três vezes na semana,Entre 1 e 2 anos,318,318
4,3,4,5,1,5,4,2,5,3,4,5,5,4,3,4,4,5,2,2,4,Não,3,3,3,4,3,5,1,6,6,7,2,3,6,5,7,6,7,3,6,4,5,1,1,1,1,1,2,6,5,6,2,7,6,Nível superior incompleto,Não,,Solteiro,Nenhum,Não,"De 3 a 6 salários mínimos (de R$ 3.117,01 a R$ 6.234,00)",4 a 7,Outra,20,Nunca,Há menos de 1 ano,319,319
5,3,3,4,4,2,4,2,4,3,4,4,4,4,2,4,4,4,2,1,5,Não,3,3,3,7,2,7,1,4,5,1,1,4,2,6,1,4,6,5,4,5,6,3,1,1,5,2,4,3,2,2,1,3,5,Doutorando (a),Não,,Solteiro,Nenhum,Não,"De 3 a 6 salários mínimos (de R$ 3.117,01 a R$ 6.234,00)",4 a 7,Heterossexual,25,Nunca,Há menos de 1 ano,320,320
4,4,3,4,5,4,4,3,2,3,4,5,4,4,3,3,4,5,4,1,4,Não,4,1,1,4,2,6,2,4,4,3,2,4,4,2,4,4,5,5,6,5,4,2,2,2,3,1,6,2,7,7,2,5,2,Nível superior incompleto,Sim,Esquerda,Solteiro,Nenhum,Não,"Até 1 salário mínimo (até R$ 1.039,00)",Moro sozinho,Outra,23,Pelo menos duas vezes na semana,Há mais de 3 anos,322,322
4,4,2,4,4,2,2,2,2,1,4,4,5,2,1,4,4,2,4,2,3,Não,3,4,4,6,3,6,2,7,6,6,5,6,6,6,3,5,5,7,6,6,7,1,2,1,3,3,1,5,1,4,3,3,4,Mestrando (a),Não,,Solteiro,Nenhum,Não,"De 9 a 12 salários mínimos (de R$ 9.351,01 a 12.468,00)",4 a 7,Heterossexual,25,Nunca,Entre 1 e 2 anos,323,323
4,4,3,4,5,4,5,3,4,4,2,4,5,5,2,2,2,5,4,5,3,Não,5,5,3,7,7,5,2,3,6,3,1,1,5,5,7,7,7,7,3,2,7,1,1,1,2,1,2,6,5,5,1,7,3,Nível superior incompleto,Não,,Solteiro,Nenhum,Não,"De 3 a 6 salários mínimos (de R$ 3.117,01 a R$ 6.234,00)",1 a 3,Heterossexual,20,Pelo menos uma vez na semana,Há mais de 3 anos,328,328
4,4,4,5,5,3,5,3,4,4,5,4,5,5,2,4,2,5,4,5,3,Não,5,5,2,4,1,3,2,7,6,7,6,1,6,7,3,5,7,5,2,7,7,1,1,1,2,1,2,5,1,5,1,6,4,Nível superior incompleto,Não,,Solteiro,Nenhum,Não,"De 3 a 6 salários mínimos (de R$ 3.117,01 a R$ 6.234,00)",4 a 7,Heterossexual,19,Quatro ou mais vezes na semana,Há mais de 3 anos,329,329
5,4,5,5,5,4,5,5,4,3,3,2,3,5,4,4,5,2,4,5,3,Não,4,4,1,7,6,7,5,7,5,7,5,6,6,2,7,3,7,2,5,5,7,3,2,2,2,1,1,3,3,2,2,5,5,Nível superior incompleto,Não,,Em união estável,Nenhum,Não,"De 9 a 12 salários mínimos (de R$ 9.351,01 a 12.468,00)",4 a 7,Outra,18,Pelo menos três vezes na semana,Há mais de 3 anos,330,330
4,1,5,4,4,1,4,2,4,1,1,4,5,1,2,1,2,4,2,2,5,Não,3,3,3,6,1,7,6,7,7,7,7,7,7,7,7,7,7,1,4,7,7,1,4,2,1,1,1,6,7,1,7,7,7,Nível superior incompleto,Não,,Solteiro,Nenhum,Não,"De 1 a 3 salários mínimos (de R$ 1.039,01 a R$ 3.117,00)",1 a 3,Outra,22,Pelo menos três vezes na semana,Entre 1 e 2 anos,331,331
4,4,4,4,4,5,4,1,4,2,1,4,5,2,5,4,5,5,2,1,2,Não,3,3,3,7,1,7,1,7,7,7,7,7,7,7,7,7,7,6,7,7,7,1,2,3,3,3,3,1,3,1,3,1,7,Nível superior incompleto,Não,,Solteiro,Nenhum,Não,"De 9 a 12 salários mínimos (de R$ 9.351,01 a 12.468,00)",1 a 3,Outra,28,Quatro ou mais vezes na semana,Entre 1 e 2 anos,332,332
2,4,5,5,4,2,5,2,2,2,5,4,5,4,4,2,4,4,2,5,5,Não,3,3,3,4,4,5,1,5,5,3,1,1,3,1,6,6,7,6,5,5,6,1,4,1,2,2,1,2,1,2,1,3,3,Nível superior incompleto,Não,,Solteiro,Nenhum,Não,"De 6 a 9 salários mínimos (de R$ 6.234,01 a R$ 9.351,00)",4 a 7,Outra,19,Pelo menos duas vezes na semana,Há menos de 1 ano,333,333
4,4,4,4,5,4,4,3,4,4,4,4,5,2,2,1,4,5,4,5,4,Não,4,4,3,7,2,1,1,3,6,1,1,1,1,5,7,3,4,6,5,4,7,4,1,1,1,1,1,1,1,1,1,7,2,Nível superior incompleto,Não,,Solteiro,Nenhum,Não,"Mais de 15 salários mínimos (mais de R$ 15.585, 01)",4 a 7,Heterossexual,18,Pelo menos duas vezes na semana,Há menos de 1 ano,336,336
4,4,5,4,4,2,4,2,5,3,3,2,3,2,3,2,4,3,4,2,3,Sim,4,2,4,4,4,5,2,2,5,1,1,2,2,2,2,2,2,2,5,3,7,1,1,1,1,1,1,1,1,5,1,4,3,Nível superior incompleto,Não,,Em união estável,Nenhum,Não,"De 3 a 6 salários mínimos (de R$ 3.117,01 a R$ 6.234,00)",1 a 3,Heterossexual,23,Quatro ou mais vezes na semana,Entre 1 e 2 anos,341,341
4,2,4,5,4,2,4,4,4,3,4,4,4,4,4,2,4,4,4,2,4,Não,5,5,1,6,3,6,2,5,5,6,3,7,7,2,2,2,5,3,3,3,5,1,1,2,1,2,1,1,3,1,1,3,2,2º. Grau completo,Não,,Solteiro,Nenhum,Não,"De 3 a 6 salários mínimos (de R$ 3.117,01 a R$ 6.234,00)",4 a 7,Heterossexual,21,Pelo menos uma vez na semana,Há menos de 1 ano,342,342
4,3,4,5,3,5,5,4,4,5,4,4,4,5,4,4,2,4,2,5,2,Não,3,3,3,7,7,4,2,6,6,1,2,4,2,2,4,4,5,5,4,3,5,5,2,2,2,2,3,5,5,2,4,5,3,Nível superior incompleto,Não,,Solteiro,Nenhum,Não,"De 9 a 12 salários mínimos (de R$ 9.351,01 a 12.468,00)",4 a 7,Heterossexual,20,Pelo menos duas vezes na semana,Entre 1 e 2 anos,344,344
4,4,3,5,5,4,4,2,2,4,2,2,4,4,4,4,4,5,4,2,3,Não,3,3,3,7,5,6,3,2,6,7,7,7,7,7,7,5,6,5,1,3,5,6,6,2,1,1,2,1,1,1,2,7,7,Nível superior incompleto,Não,,Solteiro,Nenhum,Não,"Até 1 salário mínimo (até R$ 1.039,00)",4 a 7,Outra,21,Pelo menos três vezes na semana,Há menos de 1 ano,348,348
4,4,4,5,2,2,5,4,5,3,2,2,5,5,1,1,4,5,3,1,3,Não,3,5,5,7,6,5,5,6,5,6,1,7,4,7,6,7,7,7,5,5,5,4,1,1,1,1,4,2,1,7,2,5,5,Nível superior incompleto,Não,,Solteiro,Nenhum,Não,"Até 1 salário mínimo (até R$ 1.039,00)",1 a 3,Heterossexual,17,Nunca,Há menos de 1 ano,349,349
2,3,4,4,4,5,2,3,1,3,3,4,4,5,2,2,4,1,4,3,5,Não,3,3,3,5,6,4,3,6,5,6,4,6,7,2,2,5,6,1,4,2,5,3,5,2,2,1,6,3,3,1,1,1,2,Nível superior incompleto,Não,,Solteiro,Nenhum,Não,"De 1 a 3 salários mínimos (de R$ 1.039,01 a R$ 3.117,00)",1 a 3,Heterossexual,20,Pelo menos uma vez na semana,Entre 1 e 2 anos,350,350
2,4,4,4,2,2,2,1,5,2,5,4,5,4,2,4,5,4,5,1,3,Não,3,3,3,5,6,5,1,2,6,7,7,2,7,7,4,6,1,6,4,7,6,1,1,1,1,1,1,1,2,3,6,5,1,Nível superior incompleto,Não,,Solteiro,Nenhum,Não,"De 1 a 3 salários mínimos (de R$ 1.039,01 a R$ 3.117,00)",1 a 3,Heterossexual,19,Nunca,Há menos de 1 ano,351,351
2,2,4,4,4,1,4,2,4,1,4,2,4,5,2,1,4,5,1,1,4,Não,5,5,3,6,4,4,5,3,4,7,3,4,7,3,7,7,7,7,7,3,7,2,1,1,1,1,1,5,1,1,1,5,6,2º. Grau completo,Não,,Solteiro,Nenhum,Não,"De 1 a 3 salários mínimos (de R$ 1.039,01 a R$ 3.117,00)",1 a 3,Heterossexual,22,Nunca,Há menos de 1 ano,352,352
4,2,1,3,5,4,5,3,5,3,2,1,1,1,1,4,5,5,4,3,5,Não,3,3,3,5,5,6,1,3,5,7,5,4,7,4,1,6,7,5,6,4,7,3,2,1,1,1,7,1,7,1,2,6,6,Nível superior incompleto,Não,,Solteiro,Nenhum,Não,"De 1 a 3 salários mínimos (de R$ 1.039,01 a R$ 3.117,00)",1 a 3,Heterossexual,23,Pelo menos uma vez na semana,Há menos de 1 ano,353,353
5,4,4,5,2,1,5,2,5,1,2,4,5,5,2,1,4,5,4,1,1,Não,3,3,3,6,5,5,6,6,5,7,1,3,5,5,2,6,7,6,7,5,7,3,3,5,3,1,1,5,1,6,7,7,6,Nível superior incompleto,Não,,Solteiro,Nenhum,Não,"Até 1 salário mínimo (até R$ 1.039,00)",Moro sozinho,Heterossexual,23,Quatro ou mais vezes na semana,Há menos de 1 ano,354,354
4,3,4,5,5,4,5,5,5,4,3,4,5,5,3,4,4,4,4,5,5,Não,4,4,3,6,4,4,1,5,6,6,1,6,7,5,2,4,6,5,3,1,7,1,1,1,3,1,1,1,1,1,2,6,2,Nível superior incompleto,Não,,Solteiro,Nenhum,Não,"De 6 a 9 salários mínimos (de R$ 6.234,01 a R$ 9.351,00)",4 a 7,Heterossexual,19,Quatro ou mais vezes na semana,Há mais de 3 anos,355,355
3,4,3,4,4,4,3,3,2,3,2,4,3,4,3,2,3,3,3,2,3,Não,1,1,1,4,5,4,4,4,3,4,3,4,4,4,6,4,4,4,5,4,5,4,3,1,3,3,5,3,7,5,3,4,3,Nível superior incompleto,Não,,Solteiro,Nenhum,Não,"De 3 a 6 salários mínimos (de R$ 3.117,01 a R$ 6.234,00)",4 a 7,Heterossexual,24,Quatro ou mais vezes na semana,Há menos de 1 ano,356,356
4,4,4,4,4,4,5,4,4,3,4,5,5,4,4,4,3,5,4,1,3,Não,5,2,3,6,1,4,1,4,4,6,7,6,6,7,5,5,7,7,1,4,7,4,1,1,2,5,6,7,2,7,2,1,7,Nível superior incompleto,Não,,Solteiro,Nenhum,Não,"De 1 a 3 salários mínimos (de R$ 1.039,01 a R$ 3.117,00)",1 a 3,Heterossexual,20,Pelo menos duas vezes na semana,Há mais de 3 anos,357,357
4,3,4,5,5,4,5,3,2,4,3,4,4,5,2,4,4,5,5,5,5,Não,3,3,3,6,5,5,1,6,5,6,7,7,7,6,7,6,6,6,6,5,7,1,1,1,1,5,1,5,2,1,6,5,6,Nível superior incompleto,Não,,Solteiro,Nenhum,Não,"De 3 a 6 salários mínimos (de R$ 3.117,01 a R$ 6.234,00)",1 a 3,Heterossexual,20,Quatro ou mais vezes na semana,Há mais de 3 anos,358,358
4,4,5,5,4,4,5,2,5,2,4,4,5,4,2,5,5,5,2,1,4,Não,3,3,3,1,1,1,1,1,1,1,1,1,5,1,5,5,7,5,5,5,7,3,1,4,2,2,2,3,1,5,3,5,3,Nível superior incompleto,Não,,Solteiro,Nenhum,Não,"De 1 a 3 salários mínimos (de R$ 1.039,01 a R$ 3.117,00)",4 a 7,Outra,21,Pelo menos uma vez na semana,Há menos de 1 ano,359,359
5,5,5,5,4,5,5,2,4,4,4,5,5,5,4,2,5,5,4,5,5,Não,3,3,3,3,1,5,1,1,1,3,1,2,1,6,7,7,7,6,7,7,7,2,3,1,3,2,1,2,7,4,2,7,6,Nível superior incompleto,Não,,Solteiro,Nenhum,Não,"De 3 a 6 salários mínimos (de R$ 3.117,01 a R$ 6.234,00)",4 a 7,Outra,21,Pelo menos três vezes na semana,Há menos de 1 ano,360,360
2,2,4,5,4,2,5,3,4,5,5,5,5,4,3,4,5,5,4,5,5,Não,3,3,3,6,5,5,1,6,6,7,5,6,7,5,5,4,7,5,6,5,7,2,1,1,1,1,1,3,1,3,1,6,6,Nível superior incompleto,Não,,Solteiro,Nenhum,Não,"De 1 a 3 salários mínimos (de R$ 1.039,01 a R$ 3.117,00)",1 a 3,Heterossexual,18,Pelo menos três vezes na semana,Há menos de 1 ano,362,362
4,2,5,5,5,4,4,3,4,2,4,2,5,5,3,4,5,1,5,4,5,Não,3,3,3,6,3,7,1,6,4,5,5,3,5,6,2,3,7,5,7,5,7,3,1,6,6,2,5,5,3,5,2,7,5,Nível superior incompleto,Não,,Solteiro,Nenhum,Não,"De 12 a 15 salários mínimos (de R$ 12.468,01 a R$ 15.585,00)",4 a 7,Outra,18,Nunca,Há menos de 1 ano,363,363
2,3,4,4,5,2,4,1,5,3,3,4,5,4,2,4,4,5,3,4,3,Não,3,3,3,2,1,5,1,2,3,7,1,7,3,1,1,6,4,6,6,4,7,7,2,3,5,6,5,3,4,5,1,7,1,2º. Grau completo,Não,,Solteiro,Nenhum,Não,"De 3 a 6 salários mínimos (de R$ 3.117,01 a R$ 6.234,00)",4 a 7,Outra,18,Nunca,Há mais de 3 anos,364,364
1,3,4,5,5,4,5,4,5,5,4,5,5,5,4,2,4,2,3,4,2,Não,4,4,1,4,5,6,1,4,5,6,2,2,6,3,6,6,7,6,6,6,7,1,1,1,1,1,1,1,3,5,1,6,6,Nível superior incompleto,Não,,Solteiro,Nenhum,Não,"De 1 a 3 salários mínimos (de R$ 1.039,01 a R$ 3.117,00)",4 a 7,Outra,20,Pelo menos uma vez na semana,Há menos de 1 ano,365,365
4,4,5,3,5,5,4,4,5,3,5,5,5,5,1,5,4,5,4,3,3,Não,3,5,3,4,1,7,1,3,4,6,1,6,4,3,1,4,7,4,5,4,4,1,4,1,1,4,4,1,5,5,1,5,5,Nível superior incompleto,Não,,Solteiro,Nenhum,Não,"De 3 a 6 salários mínimos (de R$ 3.117,01 a R$ 6.234,00)",4 a 7,Outra,23,Nunca,Há menos de 1 ano,366,366
5,4,5,4,5,5,5,3,2,5,1,4,4,4,3,4,4,5,5,1,4,Não,3,3,3,6,5,4,2,6,6,7,7,2,5,5,3,2,5,2,5,5,6,1,2,2,1,1,3,5,1,6,5,7,6,Nível superior incompleto,Não,,Solteiro,Nenhum,Não,"De 3 a 6 salários mínimos (de R$ 3.117,01 a R$ 6.234,00)",1 a 3,Heterossexual,19,Quatro ou mais vezes na semana,Há menos de 1 ano,367,367
2,3,4,4,5,4,2,3,5,5,4,4,5,4,3,2,2,5,5,4,4,Não,3,3,3,6,2,6,1,5,6,3,2,1,1,1,1,2,6,2,5,6,6,4,1,1,1,1,1,1,1,1,1,1,3,Nível superior incompleto,Não,,Solteiro,Nenhum,Não,"Até 1 salário mínimo (até R$ 1.039,00)",1 a 3,Heterossexual,18,Quatro ou mais vezes na semana,Entre 1 e 2 anos,368,368
4,3,3,4,2,2,4,4,2,5,4,4,4,5,3,2,5,5,5,3,5,Não,5,5,2,6,3,3,3,6,5,7,6,5,7,6,7,4,6,4,6,4,7,1,1,1,1,1,1,3,1,1,1,3,6,Nível superior incompleto,Não,,Solteiro,Nenhum,Não,"De 3 a 6 salários mínimos (de R$ 3.117,01 a R$ 6.234,00)",4 a 7,Heterossexual,20,Quatro ou mais vezes na semana,Há mais de 3 anos,369,369
3,3,4,4,4,2,4,4,4,3,4,4,4,1,2,3,3,5,4,2,4,Não,3,3,3,7,6,4,1,2,3,5,1,5,5,1,1,1,5,6,6,5,7,5,1,2,2,4,2,5,1,4,1,1,3,2º. Grau completo,Não,,Solteiro,Nenhum,Não,"Até 1 salário mínimo (até R$ 1.039,00)",1 a 3,Heterossexual,22,Pelo menos duas vezes na semana,Entre 1 e 2 anos,370,370
4,4,3,4,5,4,2,4,5,3,5,4,5,4,4,4,5,5,4,5,5,Não,3,3,3,5,3,4,2,4,5,5,3,2,4,3,5,3,4,5,5,4,5,1,1,1,1,1,1,3,5,2,1,4,2,Nível superior incompleto,Não,,Solteiro,Nenhum,Não,"De 3 a 6 salários mínimos (de R$ 3.117,01 a R$ 6.234,00)",1 a 3,Heterossexual,22,Pelo menos uma vez na semana,Há menos de 1 ano,371,371
4,4,4,5,2,1,4,2,5,3,3,3,4,1,4,2,4,1,2,5,4,Não,3,3,3,7,6,1,3,5,7,6,6,6,6,7,2,5,4,6,6,6,6,1,1,1,1,1,1,2,1,2,2,6,6,Nível superior incompleto,Não,,Solteiro,Nenhum,Não,"De 3 a 6 salários mínimos (de R$ 3.117,01 a R$ 6.234,00)",1 a 3,Heterossexual,21,Quatro ou mais vezes na semana,Há menos de 1 ano,372,372
5,4,3,4,2,1,1,4,5,3,3,4,3,5,1,1,3,2,4,1,1,Não,5,4,3,6,3,4,4,6,6,3,1,3,2,2,2,5,7,4,5,5,7,7,4,4,1,1,7,7,1,1,1,4,2,Nível superior incompleto,Não,,Solteiro,Nenhum,Não,"De 1 a 3 salários mínimos (de R$ 1.039,01 a R$ 3.117,00)",4 a 7,Heterossexual,23,Pelo menos uma vez na semana,Entre 1 e 2 anos,373,373
2,4,4,5,2,2,4,2,1,5,2,2,4,3,2,2,5,5,4,1,5,Não,5,4,3,7,6,5,4,7,6,7,2,6,6,3,7,6,6,7,6,4,7,1,1,1,6,1,1,2,2,6,2,5,3,Nível superior incompleto,Não,,Solteiro,Nenhum,Não,"De 3 a 6 salários mínimos (de R$ 3.117,01 a R$ 6.234,00)",1 a 3,Heterossexual,20,Pelo menos duas vezes na semana,Entre 1 e 2 anos,374,374
4,4,4,5,5,3,5,4,5,4,3,2,5,5,3,4,4,5,4,5,5,Não,5,5,3,2,2,5,1,7,7,5,4,3,5,6,3,4,6,5,6,4,7,4,6,1,1,1,1,3,1,2,1,3,4,Nível superior incompleto,Não,,Solteiro,Nenhum,Não,"De 6 a 9 salários mínimos (de R$ 6.234,01 a R$ 9.351,00)",4 a 7,Heterossexual,18,Pelo menos três vezes na semana,Há mais de 3 anos,375,375
4,4,4,4,2,1,4,2,3,3,4,4,3,2,2,3,3,4,4,1,2,Não,4,1,1,5,4,5,6,6,7,7,7,7,7,7,4,4,6,7,6,6,6,5,5,6,3,2,5,5,7,7,7,7,5,Nível superior incompleto,Não,,Solteiro,Nenhum,Não,"Até 1 salário mínimo (até R$ 1.039,00)",4 a 7,Heterossexual,19,Pelo menos duas vezes na semana,Há mais de 3 anos,376,376
5,3,4,5,3,5,2,4,4,2,3,3,5,5,2,4,4,4,5,1,5,Não,4,5,3,7,2,3,1,6,5,1,1,1,1,1,2,4,6,3,7,7,7,5,1,1,1,6,3,5,1,6,2,7,5,Nível superior incompleto,Não,,Em união estável,Nenhum,Não,"De 1 a 3 salários mínimos (de R$ 1.039,01 a R$ 3.117,00)",1 a 3,Outra,20,Nunca,Há mais de 3 anos,377,377
3,4,3,4,4,2,4,4,3,4,4,3,4,3,4,3,4,2,4,4,3,Não,1,1,1,5,6,3,1,6,5,6,5,4,5,4,5,3,4,5,2,3,5,2,1,1,3,1,4,3,1,2,1,2,5,Nível superior incompleto,Não,,Solteiro,Nenhum,Não,"De 1 a 3 salários mínimos (de R$ 1.039,01 a R$ 3.117,00)",1 a 3,Heterossexual,18,Quatro ou mais vezes na semana,Há mais de 3 anos,378,378
2,4,5,4,5,4,4,3,5,3,4,4,4,4,2,4,3,5,4,1,4,Não,3,4,3,7,3,7,1,3,5,1,1,1,1,3,1,1,4,6,4,5,6,6,1,6,1,1,3,1,3,1,5,5,5,Nível superior incompleto,Não,,Solteiro,Nenhum,Não,"De 1 a 3 salários mínimos (de R$ 1.039,01 a R$ 3.117,00)",4 a 7,Heterossexual,21,Quatro ou mais vezes na semana,Há mais de 3 anos,379,379
4,4,4,5,5,5,5,4,5,5,5,4,5,4,4,4,4,5,4,2,5,Não,3,3,3,5,1,2,1,5,5,3,1,1,2,1,2,5,7,5,3,5,7,4,1,1,1,1,1,1,1,2,5,5,5,Nível superior incompleto,Não,,Solteiro,Nenhum,Não,"De 1 a 3 salários mínimos (de R$ 1.039,01 a R$ 3.117,00)",4 a 7,Heterossexual,20,Pelo menos uma vez na semana,Há menos de 1 ano,380,380
4,2,4,3,2,1,5,2,2,4,4,5,5,5,1,1,4,5,4,1,4,Não,1,1,1,7,5,3,7,1,5,4,5,4,4,4,6,6,7,3,7,6,7,3,5,5,6,4,5,3,1,5,5,6,6,Nível superior incompleto,Não,,Solteiro,Nenhum,Não,"Até 1 salário mínimo (até R$ 1.039,00)",1 a 3,Heterossexual,20,Pelo menos três vezes na semana,Há mais de 3 anos,381,381
4,3,4,5,4,2,4,2,5,2,4,5,5,4,2,2,4,5,4,4,3,Não,3,3,3,4,6,6,2,6,6,6,6,3,6,5,6,2,5,3,4,6,7,6,1,4,2,1,1,2,3,3,3,5,3,Nível superior incompleto,Não,,Solteiro,Nenhum,Não,"De 3 a 6 salários mínimos (de R$ 3.117,01 a R$ 6.234,00)",1 a 3,Heterossexual,20,Nunca,Há menos de 1 ano,382,382
3,5,5,5,4,5,4,4,2,4,2,4,4,5,2,2,4,5,4,5,4,Não,3,2,2,5,1,7,6,3,6,5,7,1,1,1,5,5,7,5,4,4,5,1,1,1,1,4,7,4,5,5,5,5,5,Nível superior incompleto,Não,,Solteiro,Nenhum,Não,"Até 1 salário mínimo (até R$ 1.039,00)",1 a 3,Heterossexual,20,Pelo menos uma vez na semana,Há menos de 1 ano,383,383
4,4,4,4,4,3,5,3,2,4,4,5,4,4,3,2,3,3,2,1,3,Não,3,3,3,1,3,4,1,5,5,1,1,1,1,1,5,7,7,5,6,6,7,3,5,2,2,1,2,5,6,5,4,6,3,Nível superior incompleto,Não,,Solteiro,Nenhum,Não,"De 1 a 3 salários mínimos (de R$ 1.039,01 a R$ 3.117,00)",4 a 7,Outra,21,Nunca,Há menos de 1 ano,384,384
4,4,4,5,4,1,4,1,4,4,5,5,5,5,3,2,3,5,4,4,5,Não,3,3,3,7,7,1,5,7,7,7,6,7,7,6,7,6,7,5,7,7,7,5,1,7,2,2,4,3,3,6,1,7,5,Nível superior incompleto,Não,,Solteiro,Nenhum,Não,"De 1 a 3 salários mínimos (de R$ 1.039,01 a R$ 3.117,00)",1 a 3,Heterossexual,19,Pelo menos uma vez na semana,Há mais de 3 anos,386,386
4,4,4,4,4,2,5,4,5,3,2,2,5,2,2,2,4,2,4,4,4,Não,4,1,1,7,3,4,1,6,5,2,2,4,2,1,2,3,6,6,4,4,4,1,1,2,1,2,2,5,1,6,1,5,4,Nível superior incompleto,Não,,Solteiro,Nenhum,Não,"De 9 a 12 salários mínimos (de R$ 9.351,01 a 12.468,00)",4 a 7,Heterossexual,19,Pelo menos uma vez na semana,Há mais de 3 anos,387,387
5,4,4,5,5,5,5,4,2,2,4,4,5,5,3,4,4,2,2,5,5,Não,3,3,3,5,5,5,1,6,6,1,1,2,1,5,3,3,7,3,1,7,7,5,1,1,1,1,1,7,1,5,1,5,1,Nível superior incompleto,Não,,Solteiro,Nenhum,Não,"De 3 a 6 salários mínimos (de R$ 3.117,01 a R$ 6.234,00)",4 a 7,Heterossexual,18,Pelo menos duas vezes na semana,Há menos de 1 ano,388,388
4,3,2,4,5,5,5,4,5,2,1,4,4,5,4,2,4,5,4,5,5,Não,5,4,4,2,3,6,3,5,5,1,5,1,1,5,1,2,7,4,6,1,7,1,1,1,1,2,1,1,1,5,1,5,4,Nível superior incompleto,Não,,Solteiro,Nenhum,Não,"De 3 a 6 salários mínimos (de R$ 3.117,01 a R$ 6.234,00)",1 a 3,Heterossexual,20,Pelo menos uma vez na semana,Há mais de 3 anos,389,389
5,3,4,2,4,3,4,2,5,2,4,4,5,4,2,2,3,2,2,4,5,Não,3,3,3,5,3,5,2,2,5,2,2,2,5,5,2,2,6,3,4,4,7,1,1,1,1,1,1,1,3,3,1,5,1,Nível superior incompleto,Não,,Solteiro,Nenhum,Não,"De 3 a 6 salários mínimos (de R$ 3.117,01 a R$ 6.234,00)",4 a 7,Heterossexual,20,Pelo menos uma vez na semana,Há menos de 1 ano,390,390
4,3,4,4,3,4,5,4,4,3,2,4,4,4,3,4,4,3,1,2,4,Não,4,2,2,6,5,1,5,4,5,4,4,1,1,4,1,4,6,4,5,5,7,1,1,4,3,5,6,5,5,5,3,7,1,Nível superior incompleto,Não,,Solteiro,Nenhum,Não,"De 1 a 3 salários mínimos (de R$ 1.039,01 a R$ 3.117,00)",1 a 3,Heterossexual,21,Pelo menos uma vez na semana,Entre 1 e 2 anos,391,391
4,3,4,4,4,4,5,4,2,1,4,2,4,5,1,4,5,5,4,2,4,Não,3,5,1,6,6,5,1,7,7,2,1,6,5,1,2,1,7,6,6,5,6,2,1,2,5,5,6,2,1,5,1,6,6,Nível superior incompleto,Não,,Solteiro,Nenhum,Não,"De 1 a 3 salários mínimos (de R$ 1.039,01 a R$ 3.117,00)",4 a 7,Heterossexual,18,Pelo menos três vezes na semana,Há menos de 1 ano,392,392
4,4,3,4,5,3,4,2,4,3,3,1,4,4,3,3,4,1,4,1,3,Não,4,4,4,6,2,4,4,5,3,3,2,4,2,3,5,4,5,5,2,5,5,6,1,2,2,3,1,3,1,6,3,5,3,Nível superior incompleto,Não,,Solteiro,Nenhum,Não,"De 1 a 3 salários mínimos (de R$ 1.039,01 a R$ 3.117,00)",1 a 3,Heterossexual,20,Quatro ou mais vezes na semana,Há mais de 3 anos,393,393
4,3,4,4,4,4,5,2,4,4,4,5,5,4,4,4,4,5,4,1,5,Não,3,3,3,5,7,1,1,5,5,6,6,6,6,6,7,4,6,5,4,2,7,1,1,1,1,2,1,1,1,1,1,5,5,Nível superior incompleto,Não,,Solteiro,Nenhum,Não,"De 1 a 3 salários mínimos (de R$ 1.039,01 a R$ 3.117,00)",1 a 3,Heterossexual,21,Pelo menos uma vez na semana,Há mais de 3 anos,394,394
2,3,3,4,1,1,2,4,2,1,2,4,3,5,2,2,1,1,5,5,2,Não,3,3,3,6,3,7,4,6,7,2,5,6,3,5,5,5,5,7,4,5,6,4,2,3,3,5,7,5,1,1,5,3,3,Nível superior incompleto,Não,,Solteiro,Nenhum,Não,"Até 1 salário mínimo (até R$ 1.039,00)",1 a 3,Heterossexual,19,Quatro ou mais vezes na semana,Há mais de 3 anos,395,395
5,4,4,3,4,2,2,2,5,4,3,5,5,5,4,4,4,5,4,3,2,Não,3,3,3,7,7,7,2,7,6,5,4,6,3,5,7,4,7,4,5,6,6,5,5,7,5,4,4,2,6,3,1,6,6,Nível superior incompleto,Não,,Solteiro,Nenhum,Não,"De 1 a 3 salários mínimos (de R$ 1.039,01 a R$ 3.117,00)",1 a 3,Heterossexual,18,Nunca,Há menos de 1 ano,396,396
2,4,4,3,3,2,4,3,4,3,4,4,4,4,3,2,4,1,2,3,4,Não,3,3,3,6,5,6,1,2,4,3,2,1,1,5,5,6,5,3,1,3,7,2,1,1,2,3,2,4,1,2,4,5,5,Nível superior incompleto,Não,,Solteiro,Nenhum,Não,"De 1 a 3 salários mínimos (de R$ 1.039,01 a R$ 3.117,00)",1 a 3,Heterossexual,18,Nunca,Entre 1 e 2 anos,398,398
5,4,4,4,5,2,4,5,2,4,4,4,5,4,1,1,2,4,4,4,5,Sim,5,5,1,3,6,3,5,7,2,7,7,7,7,4,2,5,4,3,4,2,4,7,5,1,2,5,1,5,6,6,6,7,3,Nível superior incompleto,Não,,Em união estável,Nenhum,Não,"De 6 a 9 salários mínimos (de R$ 6.234,01 a R$ 9.351,00)",1 a 3,Heterossexual,23,Pelo menos duas vezes na semana,Há mais de 3 anos,399,399
4,4,4,5,4,2,5,4,4,2,4,4,5,5,4,4,4,5,2,1,4,Não,3,3,3,7,6,3,3,5,5,6,3,7,6,5,3,3,5,6,5,3,7,2,3,1,1,1,1,6,1,5,5,6,6,Nível superior incompleto,Não,,Solteiro,Nenhum,Não,"De 1 a 3 salários mínimos (de R$ 1.039,01 a R$ 3.117,00)",1 a 3,Heterossexual,18,Pelo menos uma vez na semana,Há menos de 1 ano,400,400
2,3,3,4,5,3,4,1,4,3,2,3,4,5,4,3,3,4,2,1,5,Não,3,3,3,6,4,5,2,4,6,5,5,2,6,2,1,5,4,6,2,4,6,1,2,1,1,1,1,2,1,2,4,5,6,Nível superior incompleto,Não,,Solteiro,Nenhum,Não,"De 1 a 3 salários mínimos (de R$ 1.039,01 a R$ 3.117,00)",1 a 3,Outra,20,Pelo menos uma vez na semana,Há menos de 1 ano,401,401
2,4,3,4,4,4,3,1,1,1,2,5,3,1,3,4,3,2,4,1,3,Não,1,1,3,6,4,3,1,2,4,7,6,6,6,6,6,4,6,6,6,6,7,1,1,1,,,,,,,,,,,,,,,,,,,,,,,
5,3,4,5,5,4,5,4,4,5,4,5,5,2,2,5,4,5,2,5,3,Não,5,5,5,6,6,3,7,7,7,5,3,3,3,1,1,6,6,5,2,1,7,6,1,2,2,1,1,6,1,5,2,7,1,Nível superior incompleto,Sim,Esquerda,"Em relacionamento sério, casado ou em união estável",Nenhum,Não,"Mais de 15 salários mínimos (mais de R$ 15.585, 01)",4 a 7,Heterossexual,18,Pelo menos três vezes na semana,Entre 1 e 2 anos,403,403
4,4,4,4,4,4,4,2,4,4,4,5,3,2,2,4,4,4,4,1,5,Não,4,2,1,6,4,6,2,6,6,2,3,3,3,6,6,6,5,5,6,5,6,6,5,4,2,2,6,3,6,2,6,5,5,Nível superior completo,Não,,Solteiro,Nenhum,Não,"Até 1 salário mínimo (até R$ 1.039,00)",4 a 7,Heterossexual,22,Quatro ou mais vezes na semana,Entre 1 e 2 anos,404,404
3,4,4,5,5,4,5,3,5,4,5,4,5,5,5,4,4,5,3,5,5,Não,5,5,5,6,6,3,1,6,6,1,1,1,1,1,1,6,6,6,6,6,6,1,1,1,1,2,1,1,1,3,1,4,1,Nível superior completo,Não,,"Em relacionamento sério, casado ou em união estável",Nenhum,Não,"Mais de 15 salários mínimos (mais de R$ 15.585, 01)",1 a 3,Heterossexual,25,Quatro ou mais vezes na semana,Entre 1 e 2 anos,407,407
5,2,5,4,5,2,5,3,5,2,5,5,5,5,4,3,4,5,5,5,2,Não,3,3,3,1,1,1,5,4,4,1,1,1,1,1,4,1,7,7,4,5,7,2,1,1,1,1,1,1,5,5,1,7,7,Nível superior incompleto,Não,,Solteiro,Nenhum,Não,"De 3 a 6 salários mínimos (de R$ 3.117,01 a R$ 6.234,00)",1 a 3,Heterossexual,19,Quatro ou mais vezes na semana,Há menos de 1 ano,405,405
4,3,5,5,5,4,5,3,5,4,4,5,5,4,5,5,5,5,4,4,4,Não,3,3,3,7,4,5,4,5,5,7,7,6,7,7,7,7,7,7,6,5,7,2,1,1,1,1,1,2,3,1,1,4,4,Nível superior incompleto,Não,,Solteiro,Nenhum,Não,"De 1 a 3 salários mínimos (de R$ 1.039,01 a R$ 3.117,00)",1 a 3,Heterossexual,25,Quatro ou mais vezes na semana,Há menos de 1 ano,408,408
4,2,3,5,5,2,4,4,2,3,5,5,5,5,5,2,5,4,4,5,5,Não,4,4,4,5,1,3,3,4,4,6,5,5,5,4,4,4,4,3,4,4,7,4,1,2,2,4,4,2,2,3,3,5,2,2º. Grau completo,Não,,"Em relacionamento sério, casado ou em união estável",Nenhum,Não,"De 9 a 12 salários mínimos (de R$ 9.351,01 a 12.468,00)",4 a 7,outra,18,Pelo menos três vezes na semana,Há mais de 3 anos,409,409
4,3,4,4,4,4,4,5,1,4,2,1,4,2,2,3,2,5,5,2,2,Não,3,5,2,7,2,6,2,6,4,7,6,4,7,7,5,2,6,3,4,4,5,2,4,2,2,2,2,2,2,2,5,2,3,Pós-graduado,Não,,Solteiro,Nenhum,Não,"De 3 a 6 salários mínimos (de R$ 3.117,01 a R$ 6.234,00)",1 a 3,Heterossexual,26,Quatro ou mais vezes na semana,Há mais de 3 anos,406,406
4,4,3,5,5,5,5,5,4,4,5,5,5,4,2,4,4,5,4,5,4,Não,3,5,3,5,4,4,3,4,5,7,6,7,7,7,5,5,7,6,7,3,5,5,2,3,2,4,1,3,6,6,1,7,6,Nível superior completo,Não,,Solteiro,Nenhum,Não,"Mais de 15 salários mínimos (mais de R$ 15.585, 01)",1 a 3,outra,17,Pelo menos três vezes na semana,Há menos de 1 ano,410,410
2,2,4,4,4,2,4,3,2,2,3,2,3,2,4,4,5,5,2,4,5,Não,3,3,3,6,6,5,1,3,6,6,6,4,6,5,1,5,6,4,6,3,7,1,1,1,2,1,1,1,2,3,1,2,2,Nível superior incompleto,Sim,Esquerda,Solteiro,Nenhum,Não,"Até 1 salário mínimo (até R$ 1.039,00)",1 a 3,Heterossexual,20,Nunca,Não faço exercício físico,412,412
2,3,4,5,5,4,5,4,5,4,5,5,5,4,2,2,2,4,1,4,4,Não,3,3,1,6,6,7,2,5,5,5,1,5,5,2,6,5,7,5,7,7,7,1,1,1,1,1,4,2,1,1,1,6,1,Nível superior incompleto,Não,,Solteiro,Nenhum,Não,"De 1 a 3 salários mínimos (de R$ 1.039,01 a R$ 3.117,00)",1 a 3,Heterossexual,24,Pelo menos uma vez na semana,Há menos de 1 ano,413,413
4,4,5,5,5,5,5,4,4,4,4,2,5,2,4,4,4,5,5,4,5,Não,3,3,3,7,7,6,2,6,6,7,6,5,6,7,7,7,6,7,2,4,6,6,4,1,2,2,2,3,1,3,2,3,2,Nível superior incompleto,Não,,Solteiro,Nenhum,Não,"Mais de 15 salários mínimos (mais de R$ 15.585, 01)",1 a 3,Heterossexual,18,Pelo menos três vezes na semana,Há mais de 3 anos,415,415
2,5,4,5,5,4,5,1,4,3,3,3,3,4,2,4,2,5,5,5,4,Não,3,3,3,7,1,7,1,1,3,7,5,4,5,6,5,2,5,5,5,6,6,2,2,2,2,5,2,1,1,1,1,6,6,Nível superior incompleto,Não,,Solteiro,Nenhum,Não,"De 12 a 15 salários mínimos (de R$ 12.468,01 a R$ 15.585,00)",4 a 7,Heterossexual,18,Quatro ou mais vezes na semana,Entre 1 e 2 anos,414,414
4,3,5,5,5,2,5,2,4,3,4,4,5,5,4,2,3,4,4,4,4,Não,5,2,1,5,3,2,2,3,3,3,6,1,3,5,3,6,6,2,2,3,7,1,1,1,3,2,2,2,3,1,3,6,5,Nível superior incompleto,Não,,"Em relacionamento sério, casado ou em união estável",Nenhum,Não,"Até 1 salário mínimo (até R$ 1.039,00)",1 a 3,Heterossexual,20,Quatro ou mais vezes na semana,Há mais de 3 anos,416,416
1,1,4,4,4,4,4,5,1,4,4,4,4,4,3,4,4,5,4,4,4,Sim,4,4,2,5,1,5,1,3,3,6,6,5,6,6,5,6,5,6,6,3,6,1,1,1,1,2,2,1,1,7,1,3,3,Nível superior incompleto,Não,,"Em relacionamento sério, casado ou em união estável",Nenhum,Não,"De 6 a 9 salários mínimos (de R$ 6.234,01 a R$ 9.351,00)",1 a 3,Heterossexual,32,Quatro ou mais vezes na semana,Há mais de 3 anos,417,417
3,3,4,4,4,2,5,3,5,4,4,5,4,5,3,2,2,1,3,1,5,Não,4,1,1,5,3,4,2,2,2,5,5,5,6,5,2,3,6,1,6,4,7,1,1,1,1,1,3,2,1,3,3,5,4,Nível superior incompleto,Não,,"Em relacionamento sério, casado ou em união estável",Nenhum,Não,"De 1 a 3 salários mínimos (de R$ 1.039,01 a R$ 3.117,00)",4 a 7,Heterossexual,19,Pelo menos duas vezes na semana,Não faço exercício físico,418,418
3,2,3,5,5,1,2,1,2,3,4,5,5,3,4,2,4,1,4,1,5,Não,5,3,1,3,6,4,5,1,6,2,2,1,1,6,7,1,7,4,2,6,6,6,4,1,3,1,7,2,5,6,5,7,7,Pós-graduando,Não,,Solteiro,Nenhum,Não,"De 6 a 9 salários mínimos (de R$ 6.234,01 a R$ 9.351,00)",4 a 7,Heterossexual,20,Quatro ou mais vezes na semana,Entre 1 e 2 anos,419,419
4,2,4,4,5,5,5,4,4,3,4,5,4,5,4,4,5,5,4,4,5,Não,3,3,3,5,2,7,2,2,3,1,1,1,1,2,1,3,2,3,2,1,5,1,1,1,3,2,2,2,3,1,2,5,1,Nível superior incompleto,Não,,Solteiro,Nenhum,Não,"De 6 a 9 salários mínimos (de R$ 6.234,01 a R$ 9.351,00)",1 a 3,Heterossexual,21,Pelo menos uma vez na semana,Há mais de 3 anos,420,420
4,4,5,5,2,4,2,1,2,1,4,4,5,4,3,1,4,5,2,1,4,Não,4,5,1,2,2,2,1,5,2,3,3,2,5,2,6,6,7,7,3,3,7,1,3,1,2,1,6,5,2,2,5,3,3,Nível superior incompleto,Não,,"Em relacionamento sério, casado ou em união estável",Nenhum,Não,"Até 1 salário mínimo (até R$ 1.039,00)",1 a 3,outra,21,Nunca,Não faço exercício físico,422,422
1,4,4,2,5,2,5,2,4,1,2,2,5,5,4,2,3,4,2,4,5,Não,3,3,3,1,1,2,1,5,1,6,2,1,6,1,6,2,6,1,7,5,7,3,2,1,1,6,1,3,1,2,1,6,5,Nível superior incompleto,Não,,Solteiro,Nenhum,Não,"De 6 a 9 salários mínimos (de R$ 6.234,01 a R$ 9.351,00)",4 a 7,Heterossexual,20,Quatro ou mais vezes na semana,Há menos de 1 ano,421,421
4,4,4,4,3,3,3,4,4,4,3,3,4,3,4,2,3,4,4,1,4,Não,4,3,1,5,6,6,6,6,6,7,7,7,7,7,6,7,7,7,7,7,7,1,3,1,1,1,1,1,1,5,1,5,5,Nível superior incompleto,Não,,Solteiro,Nenhum,Não,"De 3 a 6 salários mínimos (de R$ 3.117,01 a R$ 6.234,00)",4 a 7,Heterossexual,19,Pelo menos três vezes na semana,Há mais de 3 anos,423,423
2,4,3,5,5,2,5,1,5,2,4,4,5,5,2,4,4,5,4,4,5,Não,3,3,3,5,7,4,2,7,6,7,7,5,6,1,2,6,7,5,7,6,7,5,1,5,6,6,5,2,5,1,1,2,1,Pós-graduando,Não,,Solteiro,Nenhum,Não,"De 6 a 9 salários mínimos (de R$ 6.234,01 a R$ 9.351,00)",4 a 7,outra,17,Quatro ou mais vezes na semana,Há menos de 1 ano,425,425
5,3,4,5,1,2,3,4,4,4,3,2,4,2,4,1,3,5,4,2,4,Não,5,4,1,2,2,5,5,3,5,5,3,3,3,2,2,2,7,3,4,5,7,6,3,1,3,1,5,2,7,6,6,5,5,Nível superior completo,Não,,"Em relacionamento sério, casado ou em união estável",Nenhum,Não,"De 1 a 3 salários mínimos (de R$ 1.039,01 a R$ 3.117,00)",1 a 3,Heterossexual,26,Pelo menos três vezes na semana,Entre 1 e 2 anos,424,424
4,3,5,4,5,4,5,3,5,3,4,4,3,5,4,4,4,5,4,4,5,Não,3,3,3,6,1,3,1,5,5,5,1,1,7,1,4,4,6,5,1,6,7,1,1,1,1,1,1,1,1,1,1,5,3,Nível superior incompleto,Não,,Solteiro,Nenhum,Não,"De 3 a 6 salários mínimos (de R$ 3.117,01 a R$ 6.234,00)",4 a 7,Heterossexual,18,Quatro ou mais vezes na semana,Há menos de 1 ano,426,426
4,3,4,4,4,2,2,2,5,4,5,5,5,4,2,2,4,5,4,2,4,Não,4,5,2,5,2,5,1,4,3,5,1,2,5,6,5,3,5,6,5,6,3,1,1,1,1,1,1,1,1,1,1,5,3,Nível superior incompleto,Não,,Solteiro,Nenhum,Não,"De 1 a 3 salários mínimos (de R$ 1.039,01 a R$ 3.117,00)",4 a 7,Heterossexual,19,Pelo menos três vezes na semana,Entre 1 e 2 anos,428,428
3,3,4,5,4,1,1,5,4,5,3,5,4,5,2,1,4,5,4,5,3,Não,3,3,3,6,4,5,2,6,6,7,7,7,7,7,7,6,6,6,7,5,6,4,1,1,1,3,1,3,6,1,5,7,7,Nível superior incompleto,Não,,Solteiro,Nenhum,Não,"De 1 a 3 salários mínimos (de R$ 1.039,01 a R$ 3.117,00)",4 a 7,outra,19,Nunca,Entre 1 e 2 anos,427,427
2,3,4,5,5,4,5,3,4,4,2,4,4,4,2,4,2,5,4,2,4,Não,3,3,3,6,3,5,1,5,5,7,7,1,7,3,3,6,7,5,4,5,5,5,1,1,1,1,2,1,1,1,1,7,3,Nível superior incompleto,Não,,Solteiro,Nenhum,Não,"De 3 a 6 salários mínimos (de R$ 3.117,01 a R$ 6.234,00)",1 a 3,Heterossexual,19,Quatro ou mais vezes na semana,Entre 1 e 2 anos,429,429
3,2,4,5,4,4,4,1,4,3,2,2,2,4,3,2,3,5,2,5,2,Não,3,3,3,6,2,5,1,2,6,1,1,1,1,1,1,7,7,1,1,1,7,1,1,1,1,1,1,1,1,2,1,1,1,2º. Grau completo,Não,,Solteiro,Nenhum,Não,"Até 1 salário mínimo (até R$ 1.039,00)",1 a 3,Heterossexual,23,Pelo menos uma vez na semana,Não faço exercício físico,430,430
2,2,2,3,1,2,5,4,5,2,3,4,4,4,2,2,2,3,2,1,3,Não,3,3,3,5,5,6,5,4,4,3,1,1,3,3,6,3,6,5,6,4,7,3,2,1,2,1,4,5,5,3,5,5,5,Nível superior incompleto,Não,,Solteiro,Nenhum,Não,"Até 1 salário mínimo (até R$ 1.039,00)",1 a 3,Heterossexual,22,Pelo menos duas vezes na semana,Há menos de 1 ano,431,431
2,4,3,4,3,2,2,2,3,2,2,4,4,4,4,4,4,5,4,2,3,Não,3,3,3,3,3,3,1,3,3,3,3,3,3,3,3,3,6,5,5,5,7,1,3,2,2,1,1,5,5,3,5,3,5,Nível superior incompleto,Não,,Solteiro,Nenhum,Não,"Até 1 salário mínimo (até R$ 1.039,00)",4 a 7,Heterossexual,19,Nunca,Não faço exercício físico,432,432
5,4,3,4,5,1,4,2,3,2,3,4,5,5,4,2,2,4,3,4,4,Sim,3,2,5,5,3,6,1,5,4,3,2,1,1,2,3,5,4,4,5,3,6,4,1,1,5,3,2,5,7,7,3,3,6,Nível superior incompleto,Não,,"Em relacionamento sério, casado ou em união estável",Nenhum,Não,"Até 1 salário mínimo (até R$ 1.039,00)",1 a 3,outra,20,Nunca,Não faço exercício físico,433,433
4,3,5,5,4,1,3,5,4,3,3,4,5,5,4,2,4,5,4,1,5,Não,4,1,4,4,1,3,1,6,5,7,6,6,7,7,7,7,7,6,6,4,7,4,1,1,3,1,1,6,5,3,6,7,7,Nível superior incompleto,Não,,"Em relacionamento sério, casado ou em união estável",Nenhum,Não,"De 1 a 3 salários mínimos (de R$ 1.039,01 a R$ 3.117,00)",4 a 7,Heterossexual,20,Pelo menos três vezes na semana,Há mais de 3 anos,434,434
4,4,3,5,4,3,4,4,2,2,4,4,4,3,4,3,3,5,4,2,4,Não,3,3,3,6,3,3,5,6,6,1,1,2,1,2,5,7,6,3,7,7,6,1,1,1,1,1,1,3,3,5,1,3,3,Nível superior completo,Não,,Solteiro,Nenhum,Não,"De 9 a 12 salários mínimos (de R$ 9.351,01 a 12.468,00)",4 a 7,Heterossexual,28,Quatro ou mais vezes na semana,Há mais de 3 anos,435,435
2,2,2,4,4,2,4,4,1,4,4,2,5,4,2,2,3,5,5,5,4,Não,5,5,1,7,5,1,1,5,7,7,7,7,7,7,6,7,7,7,7,7,7,1,3,1,1,1,1,1,1,1,5,1,5,Nível superior incompleto,Não,,Solteiro,Nenhum,Não,"De 3 a 6 salários mínimos (de R$ 3.117,01 a R$ 6.234,00)",1 a 3,Heterossexual,24,Quatro ou mais vezes na semana,Há mais de 3 anos,436,436
4,3,4,5,3,3,4,4,4,4,5,4,5,1,4,3,4,5,4,1,4,Não,1,1,1,5,5,4,2,6,6,5,5,5,5,4,7,7,4,5,7,6,7,2,2,2,2,2,1,5,1,1,5,7,7,Nível superior completo,Não,,Solteiro,Nenhum,Não,"De 1 a 3 salários mínimos (de R$ 1.039,01 a R$ 3.117,00)",1 a 3,Heterossexual,24,Pelo menos duas vezes na semana,Há menos de 1 ano,437,437
5,4,4,5,5,3,5,4,4,5,4,4,5,5,3,4,5,5,4,4,4,Não,4,5,3,6,5,6,5,4,6,5,4,6,4,5,6,6,7,6,6,4,7,1,1,1,1,1,1,2,1,1,1,3,2,Nível superior incompleto,Não,,"Em relacionamento sério, casado ou em união estável",Nenhum,Não,"De 1 a 3 salários mínimos (de R$ 1.039,01 a R$ 3.117,00)",4 a 7,Heterossexual,21,Nunca,Não faço exercício físico,438,438
2,3,4,4,4,5,4,2,5,4,4,5,5,5,5,5,5,5,4,3,4,Não,4,4,1,4,4,5,1,6,4,6,6,6,6,6,7,7,7,7,6,6,7,1,1,1,1,1,1,1,2,5,1,5,6,Nível superior incompleto,Não,,Solteiro,Nenhum,Não,"Até 1 salário mínimo (até R$ 1.039,00)",1 a 3,Heterossexual,23,Nunca,Não faço exercício físico,439,439
4,4,3,5,4,2,4,4,5,5,4,4,4,4,3,2,4,4,5,1,4,Não,5,5,4,3,7,5,2,7,6,6,6,6,6,6,3,5,7,6,6,6,7,4,2,2,5,1,1,6,7,6,6,7,5,Pós-graduando,Não,,"Em relacionamento sério, casado ou em união estável",Nenhum,Não,"De 3 a 6 salários mínimos (de R$ 3.117,01 a R$ 6.234,00)",4 a 7,Heterossexual,25,Quatro ou mais vezes na semana,Há mais de 3 anos,441,441
3,2,3,4,4,3,2,4,5,4,2,2,3,3,5,1,5,1,5,1,3,Não,4,3,4,7,7,2,2,2,5,3,4,2,2,5,5,6,3,5,3,1,7,6,3,1,2,1,1,6,5,3,2,7,1,Pós-graduado,Não,,"Em relacionamento sério, casado ou em união estável",Nenhum,Não,"De 9 a 12 salários mínimos (de R$ 9.351,01 a 12.468,00)",1 a 3,Heterossexual,30,Pelo menos três vezes na semana,Há mais de 3 anos,443,443
5,5,5,5,5,5,5,2,5,1,5,5,5,5,4,5,5,5,4,1,5,Não,3,3,3,5,6,5,7,5,2,4,4,4,4,4,7,7,7,7,7,4,7,1,7,5,1,1,5,2,7,6,6,7,7,Nível superior incompleto,Não,,Solteiro,Nenhum,Não,"De 3 a 6 salários mínimos (de R$ 3.117,01 a R$ 6.234,00)",1 a 3,Heterossexual,22,Pelo menos três vezes na semana,Entre 1 e 2 anos,445,445
5,5,5,4,4,4,5,1,4,4,4,4,5,4,3,4,4,1,2,1,4,Não,1,1,1,3,1,1,1,5,5,7,1,3,7,4,7,6,6,6,6,6,7,4,1,1,1,1,1,6,7,5,1,3,7,Nível superior incompleto,Não,,Solteiro,Nenhum,Não,"De 1 a 3 salários mínimos (de R$ 1.039,01 a R$ 3.117,00)",1 a 3,outra,23,Nunca,Não faço exercício físico,444,444
5,4,4,5,4,5,5,4,4,4,5,5,5,4,4,5,5,5,5,1,1,Não,5,5,1,6,7,1,6,5,6,6,6,6,6,1,7,7,7,7,6,2,7,7,2,3,3,1,5,5,7,6,6,7,3,Nível superior incompleto,Não,,"Em relacionamento sério, casado ou em união estável",Nenhum,Não,"De 1 a 3 salários mínimos (de R$ 1.039,01 a R$ 3.117,00)",1 a 3,Heterossexual,27,Pelo menos duas vezes na semana,Entre 1 e 2 anos,446,446
4,4,4,5,5,2,4,3,3,5,5,5,4,5,5,2,5,1,5,1,3,Não,5,5,3,5,3,6,1,5,4,7,5,3,7,7,6,6,7,4,5,3,7,4,1,1,1,1,6,1,3,4,1,5,5,Nível superior incompleto,Não,,Solteiro,Nenhum,Não,"De 1 a 3 salários mínimos (de R$ 1.039,01 a R$ 3.117,00)",4 a 7,Heterossexual,25,Pelo menos três vezes na semana,Entre 1 e 2 anos,447,447
2,2,5,5,2,1,2,4,5,4,2,1,5,5,2,2,2,5,4,2,1,Não,2,4,1,6,2,7,1,2,3,1,1,1,1,1,1,5,6,5,2,3,7,1,1,1,1,2,1,1,1,1,5,6,5,Pós-graduando,Não,,"Em relacionamento sério, casado ou em união estável",Nenhum,Não,"De 1 a 3 salários mínimos (de R$ 1.039,01 a R$ 3.117,00)",1 a 3,Heterossexual,27,Nunca,Não faço exercício físico,448,448
4,4,4,5,4,4,4,5,5,4,2,4,5,5,4,4,4,5,4,4,5,Não,4,2,1,7,5,1,1,2,5,1,1,1,1,1,1,6,5,5,4,1,7,1,1,1,1,1,1,1,1,5,1,5,7,Pós-graduando,Não,,Solteiro,Nenhum,Não,"De 6 a 9 salários mínimos (de R$ 6.234,01 a R$ 9.351,00)",1 a 3,Heterossexual,23,Pelo menos duas vezes na semana,Há mais de 3 anos,449,449
4,4,4,5,2,5,4,2,4,2,4,4,4,4,4,1,3,4,4,1,4,Não,4,4,4,5,6,1,2,7,6,2,1,1,1,5,6,6,6,7,6,7,7,7,1,1,1,1,2,5,3,3,3,6,3,Pós-graduando,Não,,"Em relacionamento sério, casado ou em união estável",Nenhum,Não,"De 3 a 6 salários mínimos (de R$ 3.117,01 a R$ 6.234,00)",4 a 7,Heterossexual,26,Pelo menos duas vezes na semana,Há mais de 3 anos,450,450
2,2,4,2,4,2,4,2,4,2,2,2,4,2,3,4,4,4,4,1,5,Não,1,1,1,7,5,2,1,2,5,2,3,1,3,3,6,7,6,6,6,5,7,3,1,1,2,2,2,2,5,1,2,2,3,Pós-graduando,Não,,Solteiro,Nenhum,Não,"De 3 a 6 salários mínimos (de R$ 3.117,01 a R$ 6.234,00)",1 a 3,Heterossexual,28,Pelo menos duas vezes na semana,Há menos de 1 ano,451,451
4,3,4,5,4,4,4,3,4,4,3,4,5,4,2,4,4,5,4,4,4,Não,4,4,4,5,5,7,1,6,6,6,3,7,6,7,7,5,6,6,7,5,7,3,1,1,1,1,1,2,1,2,2,3,5,Nível superior incompleto,Não,,"Em relacionamento sério, casado ou em união estável",Nenhum,Não,"De 1 a 3 salários mínimos (de R$ 1.039,01 a R$ 3.117,00)",1 a 3,Heterossexual,21,Pelo menos uma vez na semana,Entre 1 e 2 anos,452,452
2,2,3,5,4,4,2,3,5,3,3,2,4,4,4,4,5,5,4,5,5,Não,3,3,3,7,2,6,3,5,6,6,1,4,6,3,3,4,4,2,3,4,7,4,1,1,2,4,4,3,5,3,1,3,5,Nível superior incompleto,Não,,Solteiro,Nenhum,Não,"De 1 a 3 salários mínimos (de R$ 1.039,01 a R$ 3.117,00)",4 a 7,Heterossexual,22,Pelo menos três vezes na semana,Há menos de 1 ano,453,453
1,2,4,5,1,1,4,4,4,2,2,5,5,4,4,2,4,4,1,3,3,Não,3,3,3,5,7,1,1,6,6,2,2,2,2,2,2,7,7,7,7,5,7,6,5,1,1,6,1,1,5,1,2,6,7,Nível superior incompleto,Não,,Solteiro,Nenhum,Não,"Até 1 salário mínimo (até R$ 1.039,00)",Moro sozinho,Heterossexual,23,Nunca,Não faço exercício físico,454,454
2,5,3,4,5,2,5,2,5,4,3,4,4,4,4,3,2,4,3,2,3,Não,3,2,2,5,2,6,1,2,3,4,4,4,4,5,5,5,6,2,3,6,6,2,2,2,3,2,3,1,4,6,6,6,5,Nível superior incompleto,Não,,"Em relacionamento sério, casado ou em união estável",Nenhum,Não,"De 1 a 3 salários mínimos (de R$ 1.039,01 a R$ 3.117,00)",1 a 3,Heterossexual,19,Pelo menos duas vezes na semana,Há menos de 1 ano,455,455
2,2,3,4,2,4,5,3,4,2,2,5,5,5,2,2,3,1,3,1,5,Não,3,1,4,4,3,6,6,5,6,1,1,5,1,6,7,7,7,6,7,7,7,2,1,7,1,1,1,6,5,2,2,2,7,Nível superior incompleto,Não,,Solteiro,Nenhum,Não,"Até 1 salário mínimo (até R$ 1.039,00)",4 a 7,Heterossexual,23,Pelo menos uma vez na semana,Há mais de 3 anos,457,457
4,3,4,4,5,3,5,3,4,3,4,4,4,4,4,4,4,4,2,4,3,Não,4,4,3,5,3,5,3,3,5,7,6,3,7,5,7,5,6,6,6,3,6,4,3,2,3,2,5,3,6,5,3,5,5,Nível superior incompleto,Não,,Solteiro,Nenhum,Não,"De 3 a 6 salários mínimos (de R$ 3.117,01 a R$ 6.234,00)",4 a 7,Heterossexual,20,Nunca,Não faço exercício físico,456,456
3,3,4,4,3,5,3,2,3,2,3,5,5,4,1,2,2,4,2,1,4,Não,3,5,3,4,4,5,5,5,4,5,2,2,4,4,7,6,6,7,7,7,7,4,5,1,1,2,1,2,5,1,2,3,5,Nível superior incompleto,Não,,"Em relacionamento sério, casado ou em união estável",Nenhum,Não,"Até 1 salário mínimo (até R$ 1.039,00)",1 a 3,outra,19,Nunca,Não faço exercício físico,458,458
4,3,3,4,2,2,2,5,2,4,4,4,3,2,2,2,3,2,3,2,3,Não,4,2,4,6,5,6,5,5,5,5,2,4,5,5,3,7,5,6,7,4,5,5,4,4,1,5,3,3,2,5,6,5,5,2º. Grau completo,Não,,Solteiro,Nenhum,Não,"Até 1 salário mínimo (até R$ 1.039,00)",1 a 3,Heterossexual,19,Pelo menos duas vezes na semana,Há menos de 1 ano,459,459
4,4,5,4,5,4,5,3,5,4,4,5,5,4,3,4,4,5,4,5,5,Não,4,5,1,4,5,6,2,6,5,5,5,1,3,5,3,2,6,6,4,3,7,1,1,1,2,1,1,1,5,1,2,6,5,Nível superior incompleto,Não,,"Em relacionamento sério, casado ou em união estável",Nenhum,Não,"De 1 a 3 salários mínimos (de R$ 1.039,01 a R$ 3.117,00)",1 a 3,Heterossexual,19,Pelo menos uma vez na semana,Há menos de 1 ano,462,462
3,2,3,3,4,4,5,3,5,4,4,4,5,3,3,3,3,4,2,1,5,Não,5,4,4,5,4,4,3,2,3,6,5,1,6,5,3,7,5,4,6,5,7,4,2,1,2,1,5,1,3,4,1,3,2,2º. Grau completo,Não,,"Em relacionamento sério, casado ou em união estável",Nenhum,Não,"De 3 a 6 salários mínimos (de R$ 3.117,01 a R$ 6.234,00)",4 a 7,Heterossexual,18,Pelo menos uma vez na semana,Há mais de 3 anos,464,464
4,5,4,4,2,1,4,3,4,3,4,4,4,5,4,1,3,3,2,2,5,Não,3,3,3,5,6,6,5,6,4,4,4,3,4,4,5,7,7,6,5,3,5,4,1,4,3,2,4,5,1,5,6,6,4,Nível superior incompleto,Não,,Solteiro,Nenhum,Não,"Até 1 salário mínimo (até R$ 1.039,00)",4 a 7,Heterossexual,18,Pelo menos uma vez na semana,Há mais de 3 anos,461,461
4,3,3,4,4,5,5,4,4,3,3,4,5,5,4,4,4,5,4,3,4,Não,3,3,3,5,5,5,5,6,6,4,3,5,6,5,4,4,5,5,3,2,6,1,2,1,2,2,2,4,1,4,5,6,2,2º. Grau completo,Não,,Solteiro,Nenhum,Não,"De 1 a 3 salários mínimos (de R$ 1.039,01 a R$ 3.117,00)",4 a 7,Heterossexual,19,Pelo menos três vezes na semana,Há mais de 3 anos,460,460
2,2,3,3,4,4,4,3,2,1,2,4,4,5,4,2,2,1,1,5,4,Não,3,3,3,5,1,5,1,4,5,3,2,2,2,4,6,3,5,1,5,4,6,3,1,3,3,1,1,5,2,1,3,5,1,2º. Grau completo,Não,,Solteiro,Nenhum,Não,"De 1 a 3 salários mínimos (de R$ 1.039,01 a R$ 3.117,00)",4 a 7,Heterossexual,17,Pelo menos uma vez na semana,Entre 1 e 2 anos,463,463
2,2,4,5,4,4,4,4,4,2,4,4,5,4,4,2,2,4,4,2,4,Não,3,3,4,6,5,5,5,5,5,2,3,2,3,1,2,1,5,5,3,6,7,4,1,1,1,1,1,1,1,1,1,1,1,Nível superior incompleto,Não,,Solteiro,Nenhum,Não,"Até 1 salário mínimo (até R$ 1.039,00)",4 a 7,Heterossexual,19,Pelo menos duas vezes na semana,Há mais de 3 anos,465,465
3,2,1,4,4,1,5,2,5,1,1,1,2,1,1,2,2,5,4,1,1,Não,1,1,1,1,4,6,3,6,5,6,6,6,6,6,6,6,4,6,6,6,6,6,5,5,2,2,2,1,2,2,6,6,5,Nível superior incompleto,Não,,Solteiro,Nenhum,Não,"Até 1 salário mínimo (até R$ 1.039,00)",Mais de 10,outra,21,Nunca,Entre 1 e 2 anos,466,466
5,3,3,4,4,2,4,3,3,1,5,2,4,2,3,4,4,1,3,4,3,Não,5,3,1,4,1,5,4,5,6,2,2,3,3,3,3,5,6,4,5,4,7,4,1,1,4,1,1,1,2,1,1,3,1,Pós-graduando,Não,,Solteiro,Nenhum,Não,"De 6 a 9 salários mínimos (de R$ 6.234,01 a R$ 9.351,00)",4 a 7,Heterossexual,20,Nunca,Não faço exercício físico,467,467
4,3,4,4,2,1,4,4,4,2,4,4,5,5,4,2,4,5,4,4,3,Não,3,3,3,5,3,3,1,6,3,6,6,4,6,3,6,6,7,7,5,6,6,1,1,1,1,1,1,1,3,1,1,1,2,Nível superior incompleto,Não,,Solteiro,Nenhum,Não,"De 6 a 9 salários mínimos (de R$ 6.234,01 a R$ 9.351,00)",1 a 3,outra,19,Pelo menos três vezes na semana,Há menos de 1 ano,468,468
4,5,4,3,4,2,5,3,4,4,4,4,4,4,3,4,4,4,2,4,3,Não,4,4,1,6,6,5,5,6,6,5,2,6,6,6,5,6,7,6,6,6,6,5,5,1,2,1,2,2,6,6,2,7,2,Pós-graduado,Não,,Solteiro,Nenhum,Não,"De 1 a 3 salários mínimos (de R$ 1.039,01 a R$ 3.117,00)",4 a 7,Heterossexual,24,Nunca,Não faço exercício físico,469,469
3,4,4,5,4,2,4,4,5,2,4,5,5,4,4,2,4,5,4,1,4,Não,4,4,2,6,3,3,2,4,6,5,2,3,5,5,5,7,6,5,6,5,7,1,1,1,2,6,2,4,1,1,2,5,5,Nível superior incompleto,Não,,Solteiro,Nenhum,Não,"De 1 a 3 salários mínimos (de R$ 1.039,01 a R$ 3.117,00)",1 a 3,Heterossexual,22,Quatro ou mais vezes na semana,Há menos de 1 ano,470,470
3,4,4,4,5,5,4,2,3,4,4,5,5,1,4,4,4,5,4,5,5,Não,5,5,1,6,1,4,1,1,1,6,6,1,6,4,5,5,7,6,6,2,6,1,1,1,1,1,1,2,1,6,1,6,2,Nível superior incompleto,Não,,"Em relacionamento sério, casado ou em união estável",Nenhum,Não,"De 12 a 15 salários mínimos (de R$ 12.468,01 a R$ 15.585,00)",Moro sozinho,Heterossexual,22,Pelo menos duas vezes na semana,Há menos de 1 ano,472,472
3,3,5,5,5,5,4,5,4,4,5,4,5,4,4,4,4,5,4,5,5,Não,5,5,5,5,1,6,1,6,6,5,5,6,6,6,1,5,7,5,7,1,7,1,1,1,1,1,1,1,1,1,1,1,1,Nível superior incompleto,Não,,"Em relacionamento sério, casado ou em união estável",Nenhum,Não,"Mais de 15 salários mínimos (mais de R$ 15.585, 01)",4 a 7,Heterossexual,19,Pelo menos três vezes na semana,Há menos de 1 ano,471,471
1,2,5,5,3,2,4,3,4,2,4,4,4,4,2,1,3,5,2,1,4,Não,3,3,3,7,1,6,1,1,5,2,1,2,6,1,1,2,5,1,2,1,7,1,1,1,1,1,1,1,1,1,1,6,2,2º. Grau incompleto,Não,,Solteiro,Nenhum,Não,"De 1 a 3 salários mínimos (de R$ 1.039,01 a R$ 3.117,00)",4 a 7,outra,19,Nunca,Não faço exercício físico,473,473
2,4,4,5,5,2,4,5,4,4,4,4,5,4,4,4,2,2,4,4,4,Sim,4,4,1,7,7,2,1,5,7,5,4,5,5,5,1,2,7,5,5,5,6,4,5,2,3,3,2,1,5,5,3,6,2,Pós-graduado,Não,,"Em relacionamento sério, casado ou em união estável",Nenhum,Não,"De 9 a 12 salários mínimos (de R$ 9.351,01 a 12.468,00)",1 a 3,Heterossexual,30,Pelo menos duas vezes na semana,Entre 1 e 2 anos,475,475
3,3,4,5,4,5,3,3,5,3,5,4,5,4,4,3,5,1,4,3,4,Não,3,3,3,5,7,6,5,5,7,6,7,7,6,6,6,1,7,6,6,5,6,1,1,1,1,1,4,2,1,1,2,4,6,Nível superior incompleto,Não,,Solteiro,Nenhum,Não,"Até 1 salário mínimo (até R$ 1.039,00)",1 a 3,Heterossexual,20,Pelo menos duas vezes na semana,Há mais de 3 anos,474,474
4,4,4,4,3,3,3,3,4,5,5,4,5,4,4,2,3,4,3,1,5,Não,5,4,2,7,6,7,1,7,5,7,7,7,7,7,7,7,6,7,6,6,7,6,4,1,2,1,1,2,1,5,5,6,6,Nível superior incompleto,Sim,Esquerda,Solteiro,Nenhum,Não,"De 1 a 3 salários mínimos (de R$ 1.039,01 a R$ 3.117,00)",4 a 7,Heterossexual,22,Pelo menos uma vez na semana,Há menos de 1 ano,476,476
4,4,5,5,4,1,5,3,5,4,5,5,5,5,4,2,5,5,4,5,5,Não,3,3,3,7,7,7,5,5,6,1,1,6,1,5,5,7,7,7,6,6,7,1,1,1,1,1,1,2,6,1,1,6,1,Nível superior incompleto,Não,,Solteiro,Nenhum,Não,"De 3 a 6 salários mínimos (de R$ 3.117,01 a R$ 6.234,00)",4 a 7,Heterossexual,22,Nunca,Não faço exercício físico,477,477
2,2,4,5,5,5,2,2,4,4,4,2,5,4,2,4,3,5,1,5,5,Não,5,4,2,7,2,6,2,3,5,6,2,1,6,2,6,2,7,6,7,4,6,4,1,2,3,2,1,2,2,7,1,7,1,Nível superior incompleto,Não,,"Em relacionamento sério, casado ou em união estável",Nenhum,Não,"De 1 a 3 salários mínimos (de R$ 1.039,01 a R$ 3.117,00)",4 a 7,Heterossexual,19,Nunca,Não faço exercício físico,478,478
4,3,4,5,2,1,5,2,3,1,4,4,5,4,4,2,4,4,4,2,2,Não,5,4,4,2,2,1,1,6,6,1,1,7,1,6,5,6,4,6,2,3,6,7,1,2,2,1,2,5,6,5,5,6,2,Nível superior incompleto,Não,,"Em relacionamento sério, casado ou em união estável",Nenhum,Não,"De 1 a 3 salários mínimos (de R$ 1.039,01 a R$ 3.117,00)",4 a 7,Heterossexual,19,Nunca,Não faço exercício físico,481,481
2,3,2,4,2,2,5,3,4,2,4,5,4,4,2,2,4,4,2,5,5,Não,3,3,3,3,2,4,3,3,4,2,2,3,5,6,1,5,6,3,4,3,6,5,1,1,4,1,1,1,1,1,1,5,4,Nível superior incompleto,Não,,Solteiro,Nenhum,Não,"De 3 a 6 salários mínimos (de R$ 3.117,01 a R$ 6.234,00)",1 a 3,Heterossexual,21,Nunca,Não faço exercício físico,479,479
3,2,4,4,4,1,4,4,2,1,1,5,1,4,4,3,4,2,2,4,1,Não,5,5,4,6,1,2,1,6,1,7,7,7,7,7,7,7,7,7,7,5,7,1,1,1,4,1,1,7,7,1,1,7,7,Nível superior incompleto,Não,,"Em relacionamento sério, casado ou em união estável",Nenhum,Não,"De 3 a 6 salários mínimos (de R$ 3.117,01 a R$ 6.234,00)",4 a 7,outra,21,Pelo menos três vezes na semana,Há menos de 1 ano,482,482
4,4,3,5,4,1,4,2,2,1,2,4,5,4,2,1,4,5,2,1,4,Não,3,3,3,7,7,5,7,7,5,1,1,6,1,7,7,7,5,6,7,6,7,7,6,6,5,6,6,6,6,6,6,7,7,Nível superior incompleto,Não,,Solteiro,Nenhum,Não,"De 6 a 9 salários mínimos (de R$ 6.234,01 a R$ 9.351,00)",1 a 3,Heterossexual,26,Pelo menos uma vez na semana,Há mais de 3 anos,480,480
5,2,4,5,4,1,4,2,4,5,2,4,3,2,2,2,2,2,2,1,2,Sim,5,5,2,7,3,1,5,5,6,7,7,6,7,3,7,4,4,6,7,4,7,5,7,1,1,5,3,7,6,7,2,7,6,Nível superior incompleto,Não,,"Em relacionamento sério, casado ou em união estável",Nenhum,Não,"De 1 a 3 salários mínimos (de R$ 1.039,01 a R$ 3.117,00)",4 a 7,Heterossexual,22,Pelo menos uma vez na semana,Há mais de 3 anos,483,483
